素材ID,素材名称,素材创建时间,level_1_folder,level_2_folder,video_file,video_path,素材时长,净成交ROI,整体支付ROI,整体展现次数,整体点击次数,整体点击单价,整体千次展现费用,视频评论数,视频播放数,新增粉丝数,视频点赞数,平均观看时长,整体消耗,基础消耗,整体成交金额,整体成交订单数,整体成交订单成本,用户实际支付金额,智能优惠券金额,电商平台补贴金额,整体未完结预售订单预估金额,净成交金额,净成交订单数,净成交订单成本,用户实际支付净成交金额,智能优惠券未退款金额,电商平台补贴未退款金额,1小时内退款订单数,整体点击率,整体转化率,5秒播放率,2秒播放率,3秒播放率,10秒播放率,视频完播率,净成交金额结算率,净成交订单结算率,1小时内退款率
7552688222016684071,9月21日-K7-CM- (4)已发.mp4,2026-01-12 11:45:17,9月份,9.21,9月21日-K7-CM- (4)已发.mp4,F:\KINYO\K7素材汇总\9月份\9.21\9月21日-K7-CM- (4)已发.mp4,93,4.63,5.55,6229.0,360.0,2.7,155.94,0.0,7709.0,6.0,6.0,12.3,,,,,,,,,,,,,,,,,5.78,1.67,38.19,56.03,49.1,32.18,6.43,,,
7556771272036237375,10月2日-K7-CM-混剪- (3).mp4,2025-12-04 10:59:06,10月份,10.2,10月2日-K7-CM-混剪- (3).mp4,F:\KINYO\K7素材汇总\10月份\10.2\10月2日-K7-CM-混剪- (3).mp4,194,2.36,2.86,154220.0,9633.0,5.24,327.52,107.0,151898.0,93.0,170.0,16.75,50510.33,50510.33,144441.0,159.0,317.68,143041.0,1066.99,333.01,0.0,119269.0,131.0,385.58,118192.02,823.97,253.01,28.0,6.25,1.65,43.99,64.28,55.4,35.15,4.51,82.57,82.39,17.43
7559000042486005796,10月8日-K7-CM- (2)已发.mp4,2025-12-04 11:18:42,10月份,10.8,10月8日-K7-CM- (2)已发.mp4,F:\KINYO\K7素材汇总\10月份\10.8\10月8日-K7-CM- (2)已发.mp4,91,4.97,4.97,2897.0,284.0,1.27,124.87,0.0,2706.0,0.0,0.0,0.0,361.76,360.85,1798.0,2.0,180.88,1698.0,100.0,0.0,0.0,1798.0,2.0,180.88,1698.0,100.0,0.0,0.0,9.8,0.7,47.01,60.64,54.62,38.47,12.56,100.0,100.0,0.0
7560103525498896393,10月11日-K7-MY-  (4)混剪已发.mp4,2025-12-04 11:46:20,10月份,10.11,10月11日-K7-MY-  (4)混剪已发.mp4,F:\KINYO\K7素材汇总\10月份\10.11\10月11日-K7-MY-  (4)混剪已发.mp4,200,2.83,3.39,198124.5,14035.5,4.665,314.705,34.0,197388.5,102.5,158.0,17.055,83029.3,82352.26,292377.0,323.0,257.06,287894.98,3397.99,1084.03,0.0,237437.0,263.0,315.7,233810.0,2752.97,874.03,60.0,6.835,1.685,49.33,67.10499999999999,59.27,40.955,3.995,81.21,81.42,18.79
7560103549079224330,10月11日-K7-CM-混剪- (3).mp4,2025-12-04 11:46:21,10月份,10.11,10月11日-K7-CM-混剪- (3).mp4,F:\KINYO\K7素材汇总\10月份\10.11\10月11日-K7-CM-混剪- (3).mp4,175,3.77,4.38,135147.0,7147.0,2.38,126.12,52.0,124204.0,76.0,129.0,20.89,17044.16,17044.16,74616.7,83.0,205.35,73364.0,804.0,448.7,0.0,64328.8,71.0,240.06,63145.0,745.0,438.8,12.0,5.29,1.16,51.72,66.14,58.74,35.94,3.94,86.21,85.54,13.79
7560476177228988435,10月12日-K7-MY-  (11)混剪.mp4,2025-12-04 11:46:20,10月份,10.12,10月12日-K7-MY-  (11)混剪.mp4,F:\KINYO\K7素材汇总\10月份\10.12\10月12日-K7-MY-  (11)混剪.mp4,138,2.33,3.18,14980.5,911.0,4.7,287.525,2.0,16928.0,11.0,23.5,16.765,2906.0,2906.0,8990.0,10.0,290.6,8727.0,63.0,200.0,0.0,6293.0,7.0,415.14,6094.0,59.0,140.0,3.0,6.125,1.62,40.26000000000001,53.63,47.71,34.08,4.800000000000001,70.0,70.0,30.0
7564180851987496969,10月22日-K7-MY-  (4)混剪.mp4,2026-01-28 11:13:53,10月份,10.22,10月22日-K7-MY-  (4)混剪.mp4,F:\KINYO\K7素材汇总\10月份\10.22\10月22日-K7-MY-  (4)混剪.mp4,178,5.07,5.07,3836.0,202.0,5.27,277.37,0.0,4549.0,4.0,4.0,16.95,,,,,,,,,,,,,,,,,5.27,2.97,41.35,49.99,46.08,37.92,4.99,,,
7566797565342269481,10月29日-K7-MY-  (7)混剪.mp4,2026-01-12 12:05:52,10月份,10.29,10月29日-K7-MY-  (7)混剪.mp4,F:\KINYO\K7素材汇总\10月份\10.29\10月29日-K7-MY-  (7)混剪.mp4,117,2.53,2.97,45618.0,2880.0,2.84,179.29,0.0,44796.0,0.0,2.0,13.83,,,,,,,,,,,,,,,,,6.31,0.94,74.6,82.52,80.0,37.52,5.83,,,
7567908601362235446,11月1日-K7-MY-   (6)混剪.mp4,2025-12-02 18:33:44,11月份,11.1,11月1日-K7-MY-   (6)混剪.mp4,F:\KINYO\K7素材汇总\11月份\11.1\11月1日-K7-MY-   (6)混剪.mp4,167,3.375,3.84,190986.0,11743.5,2.57,158.41,11.0,190774.0,10.0,24.5,14.355,33181.32,33181.32,125062.0,138.0,240.44,122651.02,2078.97,332.01,0.0,113375.0,125.0,265.45,111077.02,1972.97,325.01,13.0,6.154999999999999,1.09,56.455,73.575,65.305,41.04,5.960000000000001,90.66,90.58,9.34
7568274604407570459,11月2日-K7-CM-混剪- (2)已发.mp4,2025-12-02 18:33:44,11月份,11.2,11月2日-K7-CM-混剪- (2)已发.mp4,F:\KINYO\K7素材汇总\11月份\11.2\11月2日-K7-CM-混剪- (2)已发.mp4,179,4.56,4.56,6183.0,314.0,3.365,154.975,0.5,6366.0,0.5,5.5,35.02,1271.07,1271.07,4495.0,5.0,254.21,4445.0,50.0,0.0,0.0,4495.0,5.0,254.21,4445.0,50.0,0.0,0.0,4.78,1.775,55.38500000000001,61.83,58.69,49.285,6.875,100.0,100.0,0.0
7568274748870983689,11月2日-K7-CM-混剪- (1)已发.mp4,2025-12-02 18:33:44,11月份,11.2,11月2日-K7-CM-混剪- (1)已发.mp4,F:\KINYO\K7素材汇总\11月份\11.2\11月2日-K7-CM-混剪- (1)已发.mp4,223,2.315,2.915,843545.0,33314.0,2.795,110.495,36.0,783902.5,90.5,246.0,28.695,110529.06,109439.49,350811.9,388.0,284.87,348557.58,1652.98,601.34,0.0,279790.9,309.0,357.7,278193.38,1210.98,386.54,79.0,3.955,0.895,72.25,84.725,80.95,39.735,3.08,79.76,79.64,20.24
7568644679476002854,11月3日-K7-CM-混剪- (1).mp4,2025-12-02 18:52:12,11月份,11.3,11月3日-K7-CM-混剪- (1).mp4,F:\KINYO\K7素材汇总\11月份\11.3\11月3日-K7-CM-混剪- (1).mp4,157,3.195,3.935,30836.5,1322.0,4.51,193.505,0.5,30300.5,0.0,0.5,18.355,4503.84,4503.84,18075.99,19.0,237.04,17911.59,156.0,8.4,0.0,13580.99,14.0,321.7,13470.59,106.0,4.4,5.0,4.289999999999999,1.9,71.435,80.86,78.205,37.69,5.95,75.13,73.68,24.87
7569598921535143942,11月5日-K7-MY-    (5)混剪.mp4,2025-12-02 19:07:00,11月份,11.5,11月5日-K7-MY-    (5)混剪.mp4,F:\KINYO\K7素材汇总\11月份\11.5\11月5日-K7-MY-    (5)混剪.mp4,200,2.435,2.935,209892.0,10052.5,5.245,253.76,59.5,208867.0,84.0,159.0,16.07,56917.39,56718.31,175906.0,194.0,293.39,174465.68,1024.0,416.32,0.0,146239.0,161.0,353.52,145135.68,773.0,330.32,33.0,4.85,1.7,39.105,62.095,51.755,30.11,3.49,83.13,82.99,16.87
7569598928741662774,11月6日-K7-CM-混剪- (3).mp4,2026-01-14 09:00:25,11月份,11.6,11月6日-K7-CM-混剪- (3).mp4,F:\KINYO\K7素材汇总\11月份\11.6\11月6日-K7-CM-混剪- (3).mp4,213,2.61,2.85,21247.0,1457.0,2.6,178.42,0.0,20870.0,0.0,1.0,16.07,,,,,,,,,,,,,,,,,6.86,0.82,73.98,83.54,78.77,54.52,3.41,,,
7569598932432502825,11月6日-K7-MY-   (4)混剪.mp4,2025-12-02 19:02:34,11月份,11.6,11月6日-K7-MY-   (4)混剪.mp4,F:\KINYO\K7素材汇总\11月份\11.6\11月6日-K7-MY-   (4)混剪.mp4,188,3.175,3.615,12418.0,835.0,4.215,279.705,1.5,15049.5,9.5,14.5,15.665,3886.55,3886.55,9889.0,11.0,353.32,9757.98,51.02,80.0,0.0,9889.0,11.0,353.32,9757.98,51.02,80.0,0.0,6.67,1.74,40.27,53.045,47.26000000000001,35.105,4.7,100.0,100.0,0.0
7570718436512120868,11月9日K7-MY-    (5)混剪.mp4,2025-12-02 19:18:59,11月份,11.9,11月9日K7-MY-    (5)混剪.mp4,F:\KINYO\K7素材汇总\11月份\11.9\11月9日K7-MY-    (5)混剪.mp4,219,2.725,3.44,11267.0,644.5,6.0,351.305,1.5,12542.0,10.0,21.0,17.96,3368.25,3368.25,9889.0,11.0,306.2,9728.0,156.0,5.0,0.0,8990.0,10.0,336.83,8835.0,150.0,5.0,1.0,5.97,2.16,38.6,55.76,47.99,33.105,5.205,90.91,90.91,9.09
7571089065883238443,11月10日K7-MY-    (7)混剪.mp4,2026-01-14 10:00:36,11月份,11.10,11月10日K7-MY-    (7)混剪.mp4,F:\KINYO\K7素材汇总\11月份\11.10\11月10日K7-MY-    (7)混剪.mp4,295,2.46,3.22,6646.0,432.0,5.46,354.69,1.0,8514.0,3.0,11.0,17.89,,,,,,,,,,,,,,,,,6.5,2.08,38.72,47.0,43.2,35.72,4.06,,,
7571316993975189523,11月11日-K7-MY-混剪-   (1).mp4,2026-01-14 10:00:37,11月份,11.11,11月11日-K7-MY-混剪-   (1).mp4,F:\KINYO\K7素材汇总\11月份\11.11\11月11日-K7-MY-混剪-   (1).mp4,227,3.8,4.54,43321.0,3906.0,2.79,251.19,7.0,48454.0,11.0,21.0,18.81,,,,,,,,,,,,,,,,,9.02,1.41,55.54,65.19,60.6,47.57,4.7,,,
7571316996928323603,11月11日-K7-CM-混剪- (5).mp4,2025-12-02 19:26:38,11月份,11.11,11月11日-K7-CM-混剪- (5).mp4,F:\KINYO\K7素材汇总\11月份\11.11\11月11日-K7-CM-混剪- (5).mp4,214,4.165,4.55,4757.5,297.5,2.565,163.35,0.0,4622.5,0.0,1.0,7.02,170.9,170.9,899.0,1.0,170.9,899.0,0.0,0.0,0.0,899.0,1.0,170.9,899.0,0.0,0.0,0.0,6.35,1.325,53.95,67.81,61.815,39.53,9.305,100.0,100.0,0.0
7571344531418284095,11月11日-K7-MY-混剪-   (3).mp4,2025-12-02 19:26:38,11月份,11.11,11月11日-K7-MY-混剪-   (3).mp4,F:\KINYO\K7素材汇总\11月份\11.11\11月11日-K7-MY-混剪-   (3).mp4,290,4.125,4.355,32695.0,2177.0,3.615,241.81,2.5,31500.0,10.5,24.0,16.815,7907.39,7907.39,37859.0,41.0,192.86,36846.99,719.0,293.01,0.0,36960.0,40.0,197.68,35988.99,678.0,293.01,1.0,6.685,1.7,56.38,68.59,63.14,34.56,3.47,97.63,97.56,2.37
7572390854465273919,11月13日-K7-CM-混剪- (3).mp4,2025-12-02 20:36:40,11月份,11.13,11月13日-K7-CM-混剪- (3).mp4,F:\KINYO\K7素材汇总\11月份\11.13\11月13日-K7-CM-混剪- (3).mp4,190,2.47,2.89,11779.0,620.0,3.52,185.16,0.0,12208.0,0.0,8.0,24.77,2180.95,2180.95,6293.0,7.0,311.56,6012.0,277.0,4.0,0.0,5394.0,6.0,363.49,5163.0,227.0,4.0,1.0,5.26,1.13,59.37,67.42,64.11,46.34,5.43,85.71,85.71,14.29
7572390854616432682,11月13日-K7-CM-混剪- (7).mp4,2025-12-02 20:36:40,11月份,11.13,11月13日-K7-CM-混剪- (7).mp4,F:\KINYO\K7素材汇总\11月份\11.13\11月13日-K7-CM-混剪- (7).mp4,192,3.3,3.3,5671.0,232.0,3.52,144.12,0.0,5457.0,0.0,0.0,12.05,817.3,817.3,2697.0,3.0,272.43,2667.0,30.0,0.0,0.0,2697.0,3.0,272.43,2667.0,30.0,0.0,0.0,4.09,1.29,81.33,90.07,87.34,43.36,4.53,100.0,100.0,0.0
7572709476526932006,11月14日-K7-MY   (7)混剪.mp4,2025-12-02 20:44:53,11月份,11.14,11月14日-K7-MY   (7)混剪.mp4,F:\KINYO\K7素材汇总\11月份\11.14\11月14日-K7-MY   (7)混剪.mp4,179,2.9,3.27,300592.0,20544.0,2.22,151.85,17.0,294870.0,44.0,60.0,10.07,45644.59,45644.59,149435.8,164.0,278.32,143919.15,3694.02,1822.63,0.0,132354.8,145.0,314.79,127443.16,3252.02,1659.62,19.0,6.83,0.8,63.84,74.23,69.99,36.75,2.89,88.57,88.41,11.43
7572709539665969162,11月14日-K7-MY   (6)混剪.mp4,2025-12-02 20:44:53,11月份,11.14,11月14日-K7-MY   (6)混剪.mp4,F:\KINYO\K7素材汇总\11月份\11.14\11月14日-K7-MY   (6)混剪.mp4,216,2.95,3.155,55549.0,4042.5,4.984999999999999,345.495,34.5,56190.5,10.5,15.5,18.12,28695.21,28695.21,101289.0,111.0,258.52,99137.13,1855.86,296.01,0.0,89602.0,98.0,292.81,87630.13,1675.86,296.01,13.0,6.975,1.695,41.425,60.59999999999999,52.5,34.905,5.02,88.46,88.29,11.54
7574230190214873097,11月18日-K7-CM- 混剪- (5).mp4,2025-12-02 21:00:56,11月份,11.18,11月18日-K7-CM- 混剪- (5).mp4,F:\KINYO\K7素材汇总\11月份\11.18\11月18日-K7-CM- 混剪- (5).mp4,199,2.41,2.41,5522.0,343.0,3.27,203.07,1.0,5327.0,0.0,0.0,8.3,1121.33,1121.33,2697.0,3.0,373.78,2597.0,100.0,0.0,0.0,2697.0,3.0,373.78,2597.0,100.0,0.0,0.0,6.21,0.87,54.82,67.96,62.57,44.32,7.96,100.0,100.0,0.0
7574947956417544219,11月20日-K7-MY-  (4)混剪.mp4,2025-12-02 21:27:16,11月份,11.20,11月20日-K7-MY-  (4)混剪.mp4,F:\KINYO\K7素材汇总\11月份\11.20\11月20日-K7-MY-  (4)混剪.mp4,222,1.45,1.45,3173.0,247.0,2.51,195.34,0.0,3979.0,1.0,2.0,12.42,619.81,619.81,899.0,1.0,619.81,899.0,0.0,0.0,0.0,899.0,1.0,619.81,899.0,0.0,0.0,0.0,7.78,0.4,44.56,51.65,48.53,37.55,5.15,100.0,100.0,0.0
7577162570910629929,11月26日-K7-MY- (3)混剪.mp4,2025-12-03 16:07:40,11月份,11.26,11月26日-K7-MY- (3)混剪.mp4,F:\KINYO\K7素材汇总\11月份\11.26\11月26日-K7-MY- (3)混剪.mp4,221,6.235,6.75,3488.0,262.5,3.035,227.44,0.0,3582.0,0.5,0.0,11.455,716.09,716.09,4495.0,5.0,143.22,4339.0,150.0,6.0,0.0,4495.0,5.0,143.22,4339.0,150.0,6.0,0.0,7.505,2.27,55.795,67.165,62.01000000000001,47.57,8.64,100.0,100.0,0.0
7577407007731875850,11月27日-K7-CM-混剪- (6).mp4,2025-12-03 15:52:56,11月份,11.27,11月27日-K7-CM-混剪- (6).mp4,F:\KINYO\K7素材汇总\11月份\11.27\11月27日-K7-CM-混剪- (6).mp4,184,2.76,3.22,8381.0,508.0,3.85,233.09,0.0,8184.0,0.0,3.0,12.74,1953.51,1953.51,6293.0,7.0,279.07,6182.2,100.0,10.8,0.0,5394.0,6.0,325.59,5283.2,100.0,10.8,1.0,6.06,1.38,66.97,78.05,73.88,44.6,7.01,85.71,85.71,14.29
7577407079296794633,11月27日-K7-CM-混剪- (2).mp4,2025-12-03 15:52:56,11月份,11.27,11月27日-K7-CM-混剪- (2).mp4,F:\KINYO\K7素材汇总\11月份\11.27\11月27日-K7-CM-混剪- (2).mp4,201,4.93,5.49,26701.0,1019.0,4.75,181.28,7.0,25912.0,16.0,35.0,20.98,4840.48,4840.48,26570.9,29.0,166.91,26004.0,217.0,349.9,0.0,23873.9,26.0,186.17,23317.0,207.0,349.9,3.0,3.82,2.85,44.38,56.22,50.25,35.5,3.39,89.85,89.66,10.15
7578286129389305894,11月29日-K7-CM-混剪- (6).mp4,2025-12-03 10:38:59,11月份,11.29,11月29日-K7-CM-混剪- (6).mp4,F:\KINYO\K7素材汇总\11月份\11.29\11月29日-K7-CM-混剪- (6).mp4,192,3.96,4.55,23303.0,1478.0,3.07,194.92,4.0,25217.0,9.0,25.0,19.98,4542.29,4542.29,20677.0,23.0,197.49,19987.98,269.02,420.0,0.0,17980.0,20.0,227.11,17497.0,223.0,260.0,3.0,6.34,1.56,41.88,51.52,47.05,34.4,4.58,86.96,86.96,13.04
7578658954785620011,11月30日-K7-MY- (7)混剪已发.mp4,2025-12-03 10:25:33,11月份,11.30,11月30日-K7-MY- (7)混剪已发.mp4,F:\KINYO\K7素材汇总\11月份\11.30\11月30日-K7-MY- (7)混剪已发.mp4,196,1.475,2.23,6334.0,388.5,0.98,119.915,1.0,6371.0,1.0,2.0,4.195,1523.93,1523.93,6793.0,7.0,217.7,6641.0,152.0,0.0,0.0,4495.0,5.0,304.79,4395.0,100.0,0.0,2.0,3.07,0.45,44.535,70.295,47.64,31.805,1.42,66.17,71.43,33.83
7578901831852671019,12月1-K7-CM-混剪- (2).mp4,2025-12-03 07:27:08,12月份,12.1,12月1-K7-CM-混剪- (2).mp4,F:\KINYO\K7素材汇总\12月份\12.1\12月1-K7-CM-混剪- (2).mp4,184,1.965,2.385,18905.5,1092.0,3.07,177.77,3.5,19300.0,8.5,29.5,28.075,3701.85,3701.85,7192.0,8.0,462.73,7041.0,151.0,0.0,0.0,6293.0,7.0,528.84,6191.0,102.0,0.0,1.0,5.79,0.845,45.105,62.23,52.12,38.77,7.039999999999999,87.5,87.5,12.5
7579406891019091977,12月2日-K7-YL- (1)混剪.mp4,2025-12-03 07:31:01,12月份,12.2,12月2日-K7-YL- (1)混剪.mp4,F:\KINYO\K7素材汇总\12月份\12.2\12月2日-K7-YL- (1)混剪.mp4,186,2.835,3.335,48818.0,4220.5,3.925,341.31,16.5,49630.0,8.5,13.0,18.415,20138.04,20138.04,64031.0,69.0,291.86,63288.99,440.01,302.0,0.0,57637.0,63.0,319.65,56894.99,440.01,302.0,6.0,8.735,1.405,50.16,65.28,59.09999999999999,44.435,6.825,90.01,91.3,9.99
7579406989202374666,12月2日-K7-YL- (2)混剪.mp4,2025-12-03 07:31:01,12月份,12.2,12月2日-K7-YL- (2)混剪.mp4,F:\KINYO\K7素材汇总\12月份\12.2\12月2日-K7-YL- (2)混剪.mp4,225,2.225,4.445,5267.0,242.0,3.17,206.305,0.0,5604.5,3.5,9.5,14.985,332.73,332.73,1798.0,2.0,166.37,1798.0,0.0,0.0,0.0,899.0,1.0,332.73,899.0,0.0,0.0,1.0,6.154999999999999,1.63,42.745,62.165,50.78999999999999,34.3,2.565,50.0,50.0,50.0
7579408877080477705,12月2日-K7-CM-混剪- (5).mp4,2025-12-03 07:38:44,12月份,12.2,12月2日-K7-CM-混剪- (5).mp4,F:\KINYO\K7素材汇总\12月份\12.2\12月2日-K7-CM-混剪- (5).mp4,194,4.1,4.1,7946.0,511.5,4.075,251.91,1.5,7681.5,5.0,6.5,10.155,3079.1,3079.1,10788.0,12.0,256.59,10532.0,256.0,0.0,0.0,10788.0,12.0,256.59,10532.0,256.0,0.0,0.0,6.15,1.85,41.075,56.52,47.96,30.17,5.115,100.0,100.0,0.0
7580189563341979674,12月4日-K7-CM-混剪- (8).mp4,2026-01-12 19:38:27,12月份,12.4,12月4日-K7-CM-混剪- (8).mp4,F:\KINYO\K7素材汇总\12月份\12.4\12月4日-K7-CM-混剪- (8).mp4,193,4.59,6.42,8483.0,490.0,2.0,115.55,0.0,8019.0,4.0,4.0,19.1,,,,,,,,,,,,,,,,,5.78,1.43,56.7,66.93,62.03,42.15,6.02,,,
7580189575614218249,12月4日-K7-CM-混剪- (6).mp4,2026-01-12 19:38:27,12月份,12.4,12月4日-K7-CM-混剪- (6).mp4,F:\KINYO\K7素材汇总\12月份\12.4\12月4日-K7-CM-混剪- (6).mp4,190,2.92,2.92,3964.0,383.0,2.41,233.26,2.0,4986.0,4.0,8.0,7.14,,,,,,,,,,,,,,,,,9.66,0.78,44.42,51.83,48.48,39.67,6.18,,,
7580391039212011561,12月5日-K7-YL-(8)混剪.mp4,2026-01-12 19:38:25,12月份,12.5,12月5日-K7-YL-(8)混剪.mp4,F:\KINYO\K7素材汇总\12月份\12.5\12月5日-K7-YL-(8)混剪.mp4,185,2.9,3.59,27180.0,1431.0,3.68,193.75,2.0,26996.0,1.0,2.0,7.32,,,,,,,,,,,,,,,,,5.26,1.47,53.21,70.53,61.31,37.53,5.44,,,
7581483019275649030,12月8日-K7-YL-(3)混剪.mp4,2025-12-08 21:46:26,12月份,12.8,12月8日-K7-YL-(3)混剪.mp4,F:\KINYO\K7素材汇总\12月份\12.8\12月8日-K7-YL-(3)混剪.mp4,287,2.855,3.4,26175.0,1357.0,5.15,264.905,11.5,25239.0,4.5,11.0,16.095,7549.19,7549.19,20778.0,22.0,343.15,19925.05,712.95,140.0,0.0,18980.0,20.0,377.46,18179.05,660.95,140.0,2.0,5.16,1.905,39.185,62.75,51.67,30.64,5.495,91.35,90.91,8.65
7582008966022660159,12月9日-K7-YL-(2)混剪.mp4,2026-01-12 20:51:03,12月份,12.9,12月9日-K7-YL-(2)混剪.mp4,F:\KINYO\K7素材汇总\12月份\12.9\12月9日-K7-YL-(2)混剪.mp4,298,2.59,3.0,70497.0,2869.0,6.8,276.8,17.0,67090.0,92.0,200.0,31.81,,,,,,,,,,,,,,,,,4.07,2.23,48.29,62.1,54.49,36.59,3.13,,,
7582349749170716682,12月10日-K7-YL-(6)混剪.mp4,2025-12-11 05:50:21,12月份,12.10,12月10日-K7-YL-(6)混剪.mp4,F:\KINYO\K7素材汇总\12月份\12.10\12月10日-K7-YL-(6)混剪.mp4,244,4.69,5.87,3640.0,260.0,2.95,210.5,0.0,3732.0,3.0,0.0,13.44,766.21,755.73,4495.0,5.0,153.24,4390.0,105.0,0.0,0.0,3596.0,4.0,191.55,3513.0,83.0,0.0,1.0,7.14,1.92,41.18,56.11,49.06,40.54,11.79,80.0,80.0,20.0
7582349825220870170,12月10日-K7-MY-混剪 (3).mp4,2025-12-11 05:50:21,12月份,12.10,12月10日-K7-MY-混剪 (3).mp4,F:\KINYO\K7素材汇总\12月份\12.10\12月10日-K7-MY-混剪 (3).mp4,204,2.765,3.1,6316.5,408.5,4.415,280.255,0.5,6404.5,1.5,3.5,11.985,2220.67,2220.67,6293.0,7.0,317.24,6069.0,132.0,92.0,0.0,6293.0,7.0,317.24,6069.0,132.0,92.0,0.0,6.37,1.53,50.21,66.57,59.175,39.79000000000001,7.324999999999999,100.0,100.0,0.0
7582775227680210995,12月11日-K7-YL-(7)混剪.mp4,2025-12-12 09:21:00,12月份,12.11,12月11日-K7-YL-(7)混剪.mp4,F:\KINYO\K7素材汇总\12月份\12.11\12月11日-K7-YL-(7)混剪.mp4,191,2.5,3.52,28403.0,1872.0,5.09,369.47,8.5,29240.0,2.0,7.5,15.875,17061.68,17061.68,35061.0,39.0,437.48,34735.04,320.96,5.0,0.0,30566.0,34.0,501.81,30311.04,249.96,5.0,5.0,7.300000000000001,1.96,43.31,61.83,54.32,36.67,6.33,87.18,87.18,12.82
7582979285365293097,12月12日-K7-YL-(3)混剪.mp4,2025-12-12 22:32:50,12月份,12.12,12月12日-K7-YL-(3)混剪.mp4,F:\KINYO\K7素材汇总\12月份\12.12\12月12日-K7-YL-(3)混剪.mp4,243,3.455,3.855,112841.5,4321.0,5.59,210.175,25.0,106750.5,140.0,337.5,29.2,11311.1,11311.1,45550.9,49.0,230.84,45220.26,125.04,205.6,0.0,41055.9,44.0,257.07,40840.27,113.03,102.6,5.0,3.765,2.305,46.725,68.125,58.065,35.93,2.645,90.13,89.8,9.87
7584289914902167595,12月15日-K7-MY- (10)混剪.mp4,2026-01-13 11:41:51,12月份,12.15,12月15日-K7-MY- (10)混剪.mp4,F:\KINYO\K7素材汇总\12月份\12.15\12月15日-K7-MY- (10)混剪.mp4,248,2.99,3.44,183911.0,7894.0,4.53,194.5,34.0,174504.0,214.0,629.0,33.9,,,,,,,,,,,,,,,,,4.29,1.7,49.07,70.47,60.58,37.47,2.64,,,
7584464119644569654,12月16日-K7-YL-(2)混剪.mp4,2025-12-16 22:34:48,12月份,12.16,12月16日-K7-YL-(2)混剪.mp4,F:\KINYO\K7素材汇总\12月份\12.16\12月16日-K7-YL-(2)混剪.mp4,277,2.61,3.56,111893.0,6003.5,3.025,165.53,12.0,107012.5,53.0,119.5,27.8,11299.64,11299.64,36561.0,39.0,289.73,35729.99,391.02,439.99,0.0,24874.0,26.0,434.6,24425.99,114.0,334.01,13.0,5.465,1.175,51.825,63.645,58.255,40.04,4.245,68.03,66.67,31.97
7584464145278910483,12月16日-K7-YL-(3)混剪.mp4,2025-12-16 22:34:48,12月份,12.16,12月16日-K7-YL-(3)混剪.mp4,F:\KINYO\K7素材汇总\12月份\12.16\12月16日-K7-YL-(3)混剪.mp4,296,2.505,3.395,35277.5,1728.5,5.81,281.8,8.0,41026.5,29.0,54.5,20.535,9970.72,9970.72,29267.9,32.0,311.59,29039.99,138.01,89.9,0.0,20278.0,22.0,453.21,20192.99,85.01,0.0,10.0,4.9,2.065,42.505,51.51000000000001,46.675,34.535,2.54,69.28,68.75,30.72
7584464155228078099,12月16日-K7-YL-(4)混剪.mp4,2025-12-16 22:34:48,12月份,12.16,12月16日-K7-YL-(4)混剪.mp4,F:\KINYO\K7素材汇总\12月份\12.16\12月16日-K7-YL-(4)混剪.mp4,291,2.46,3.085,504895.5,21619.0,3.31,140.285,31.5,469110.5,86.0,242.0,30.425,106489.39,104802.65,342322.0,378.0,281.72,340163.73,1255.02,903.25,0.0,271200.0,300.0,354.96,269562.73,923.02,714.25,78.0,4.245,1.13,69.00999999999999,80.185,76.505,42.34,2.87,79.22,79.37,20.78
7585009297122590730,12月17日-K7-YL-(4)混剪.mp4,2025-12-18 15:41:27,12月份,12.17,12月17日-K7-YL-(4)混剪.mp4,F:\KINYO\K7素材汇总\12月份\12.17\12月17日-K7-YL-(4)混剪.mp4,191,3.1,3.68,171349.5,7902.5,6.52,296.76,46.5,174822.5,177.5,300.0,21.425,31879.99,31391.37,114875.0,125.0,255.04,113320.96,497.03,1057.01,0.0,95097.0,103.0,309.51,93824.97,455.02,817.01,22.0,4.555,2.62,40.28,64.755,53.47,31.05,3.285,82.78,82.4,17.22
7586825993240674346,12月22日-K7-CM-混剪- (3).mp4,2025-12-23 07:20:06,12月份,12.22,12月22日-K7-CM-混剪- (3).mp4,F:\KINYO\K7素材汇总\12月份\12.22\12月22日-K7-CM-混剪- (3).mp4,207,2.2,2.375,10120.5,382.5,5.35,213.945,5.0,9920.5,23.5,36.5,25.675,87.01,87.01,0.0,0.0,0.0,0.0,0.0,0.0,0.0,0.0,0.0,0.0,0.0,0.0,0.0,0.0,4.095,1.75,38.685,63.795,51.81,31.91,8.120000000000001,0.0,0.0,0.0
7588313895712407598,12月26日-K7-CM-混剪- (3).mp4,2025-12-27 07:34:29,12月份,12.26,12月26日-K7-CM-混剪- (3).mp4,F:\KINYO\K7素材汇总\12月份\12.26\12月26日-K7-CM-混剪- (3).mp4,206,4.3,4.955,11377.5,717.0,2.955,174.88,1.0,11256.5,1.5,3.0,9.68,3430.95,3430.95,16682.0,18.0,190.61,16365.0,312.0,5.0,0.0,12187.0,13.0,263.92,11905.0,282.0,0.0,5.0,5.96,1.61,47.22499999999999,61.505,54.83499999999999,33.16,5.37,73.05,72.22,26.95
7588483866241204278,12月27日-K7-CM-混剪- (8).mp4,2025-12-28 15:37:19,12月份,12.27,12月27日-K7-CM-混剪- (8).mp4,F:\KINYO\K7素材汇总\12月份\12.27\12月27日-K7-CM-混剪- (8).mp4,204,4.445,5.51,25859.5,1058.0,3.91,165.08,8.5,24618.5,1.5,13.0,12.63,2865.23,2865.23,14384.0,16.0,179.08,13922.0,377.0,85.0,0.0,10788.0,12.0,238.77,10541.0,247.0,0.0,4.0,4.2,2.34,44.745,64.735,55.63500000000001,32.82,4.385,75.0,75.0,25.0
7588490329344458806,12月27日-K7-MY- (8)混剪.mp4,2025-12-28 15:37:19,12月份,12.27,12月27日-K7-MY- (8)混剪.mp4,F:\KINYO\K7素材汇总\12月份\12.27\12月27日-K7-MY- (8)混剪.mp4,250,2.77,2.905,17855.0,1099.0,5.02,321.365,12.0,18196.5,2.0,4.5,19.5,7741.16,7741.16,19778.0,22.0,351.87,19479.99,293.0,5.01,0.0,19778.0,22.0,351.87,19479.99,293.0,5.01,0.0,6.405,1.625,42.0,60.17,52.555,35.255,5.025,100.0,100.0,0.0
7588889616480993343,12月28日-K7-CM-混剪- (6).mp4,2025-12-28 20:47:52,12月份,12.28,12月28日-K7-CM-混剪- (6).mp4,F:\KINYO\K7素材汇总\12月份\12.28\12月28日-K7-CM-混剪- (6).mp4,226,1.765,2.005,31265.5,842.0,3.84,134.32,2.5,29054.0,12.5,34.0,6.285,9416.37,9416.37,37757.9,42.0,224.2,37376.99,253.01,127.9,0.0,33262.9,37.0,254.5,32885.99,249.01,127.9,5.0,4.185,1.25,47.41,69.08000000000001,58.835,31.485,7.77,88.1,88.1,11.9
7589277317837176886,12月29日-K7-CM-混剪- (10).mp4,2025-12-29 21:52:25,12月份,12.29,12月29日-K7-CM-混剪- (10).mp4,F:\KINYO\K7素材汇总\12月份\12.29\12月29日-K7-CM-混剪- (10).mp4,191,2.315,2.805,3200623.5,126873.5,2.085,82.11,155.0,3094552.0,14.0,26.5,17.4,420891.78,403657.34,1262704.0,1396.0,301.5,1259216.22,2290.01,1197.77,0.0,1038449.0,1151.0,365.67,1035695.45,2010.01,743.54,245.0,3.92,0.645,76.71000000000001,87.78,84.55000000000001,40.155,2.995,82.24,82.45,17.76
7589647778797649971,12月30日-K7-CM-混剪- (6).mp4,2025-12-30 21:50:08,12月份,12.30,12月30日-K7-CM-混剪- (6).mp4,F:\KINYO\K7素材汇总\12月份\12.30\12月30日-K7-CM-混剪- (6).mp4,205,5.41,5.62,10873.0,545.5,4.325,215.21,1.0,10591.5,2.0,11.5,11.265,2180.94,2180.94,19379.0,21.0,103.85,18542.05,601.95,235.0,0.0,18480.0,20.0,109.05,17693.05,551.95,235.0,1.0,5.029999999999999,2.41,43.58,60.73,53.39,34.125,5.135,95.36,95.24,4.64
7589969137973493786,12月31日-K7-CM-混剪- (3).mp4,2026-01-01 07:39:18,12月份,12.31,12月31日-K7-CM-混剪- (3).mp4,F:\KINYO\K7素材汇总\12月份\12.31\12月31日-K7-CM-混剪- (3).mp4,210,1.41,1.41,4237.5,216.5,5.445,188.485,0.0,3762.5,1.0,6.0,10.865,1911.85,1424.18,5394.0,6.0,318.64,5320.0,74.0,0.0,0.0,5394.0,6.0,318.64,5320.0,74.0,0.0,0.0,3.725,0.695,40.195,60.48,51.205,30.3,4.675,100.0,100.0,0.0
7589969146219397126,12月31日-K7-CM-混剪- (11).mp4,2026-01-13 18:10:47,12月份,12.31,12月31日-K7-CM-混剪- (11).mp4,F:\KINYO\K7素材汇总\12月份\12.31\12月31日-K7-CM-混剪- (11).mp4,217,2.94,4.25,46977.0,2374.0,3.48,175.76,2.0,45742.0,13.0,24.0,11.28,,,,,,,,,,,,,,,,,5.05,1.64,45.93,62.14,54.28,31.49,3.84,,,
7590171967215992895,12月31日-K7-MY- (1)已发.mp4,2026-01-01 07:44:04,12月份,12.31,12月31日-K7-MY- (1)已发.mp4,F:\KINYO\K7素材汇总\12月份\12.31\12月31日-K7-MY- (1)已发.mp4,95,1.28,3.56,3163.0,206.5,2.02,132.14,0.0,3365.0,1.0,1.0,7.640000000000001,197.02,197.02,899.0,1.0,197.02,849.0,50.0,0.0,0.0,0.0,0.0,0.0,0.0,0.0,0.0,1.0,6.56,0.755,46.98,62.77500000000001,55.67,36.25,10.485,0.0,0.0,100.0
7590726611370934318,1月2日-K7-CM-混剪- (13).mp4,2026-01-02 19:36:38,1月份,1.2,1月2日-K7-CM-混剪- (13).mp4,F:\KINYO\K7素材汇总\1月份\1.2\1月2日-K7-CM-混剪- (13).mp4,206,4.605,5.16,7125.0,460.0,3.155,204.125,1.0,7638.0,6.0,8.0,15.18,1291.94,1291.94,5394.0,6.0,215.32,5139.0,175.0,80.0,0.0,5394.0,6.0,215.32,5139.0,175.0,80.0,0.0,6.47,1.81,40.805,54.515,47.375,32.27,6.055,100.0,100.0,0.0
7591281056402587686,1月3日-K7-CM-混剪- (5).mp4,2026-01-04 07:28:25,1月份,1.3,1月3日-K7-CM-混剪- (5).mp4,F:\KINYO\K7素材汇总\1月份\1.3\1月3日-K7-CM-混剪- (5).mp4,192,5.29,7.05,10491.0,603.0,1.69,97.19,0.0,10113.0,0.0,5.0,16.4,1019.6,1019.6,7192.0,8.0,127.45,6972.0,200.0,20.0,0.0,5394.0,6.0,169.93,5224.0,150.0,20.0,2.0,5.75,1.33,53.64,69.86,63.18,38.14,5.35,75.0,75.0,25.0
7591298693720080410,1月3日-K7-MY- (7)混剪已发.mp4,2026-01-04 08:36:45,1月份,1.3,1月3日-K7-MY- (7)混剪已发.mp4,F:\KINYO\K7素材汇总\1月份\1.3\1月3日-K7-MY- (7)混剪已发.mp4,238,2.19,2.87,19046.0,899.0,5.205,245.03,12.0,18875.0,47.5,78.5,25.215,7140.28,7140.28,25172.0,28.0,255.01,24780.99,151.01,240.0,0.0,20677.0,23.0,310.45,20293.99,143.01,240.0,5.0,4.705,1.77,42.965,59.605,50.38500000000001,30.44,3.175,82.14,82.14,17.86
7591478547874480170,1月4日-K7-CM-混剪- (1).mp4,2026-01-04 20:14:17,1月份,1.4,1月4日-K7-CM-混剪- (1).mp4,F:\KINYO\K7素材汇总\1月份\1.4\1月4日-K7-CM-混剪- (1).mp4,188,3.585,4.01,6498.0,473.0,2.495,181.95,0.5,6454.0,5.0,3.5,13.895,1305.73,1305.73,2697.0,3.0,435.24,2697.0,0.0,0.0,0.0,2697.0,3.0,435.24,2697.0,0.0,0.0,0.0,7.359999999999999,1.065,43.93,55.44,49.73,36.705,9.73,100.0,100.0,0.0
7592196202738384905,1月6日-K7-YL-混剪- (1).mp4,2026-01-06 18:39:15,1月份,1.6,1月6日-K7-YL-混剪- (1).mp4,F:\KINYO\K7素材汇总\1月份\1.6\1月6日-K7-YL-混剪- (1).mp4,196,1.135,1.59,6728.5,408.0,3.355,194.63,0.0,6775.0,0.0,0.0,12.13,1978.77,1978.77,6293.0,7.0,282.68,6284.99,0.0,8.01,0.0,4495.0,5.0,395.75,4486.99,0.0,8.01,2.0,5.845,0.51,72.065,80.885,77.88,48.195,6.475,71.43,71.43,28.57
7592196219902820358,1月6日-K7-YL-混剪- (6).mp4,2026-01-06 18:39:15,1月份,1.6,1月6日-K7-YL-混剪- (6).mp4,F:\KINYO\K7素材汇总\1月份\1.6\1月6日-K7-YL-混剪- (6).mp4,272,4.640000000000001,5.22,30253.0,1646.5,3.375,197.06,6.0,30269.0,3.5,10.0,10.64,3005.25,3005.25,19778.0,22.0,136.6,18369.34,883.03,525.63,0.0,17980.0,20.0,150.26,16624.34,830.03,525.63,2.0,5.83,1.955,48.49,61.76000000000001,55.77,30.28,5.105,90.91,90.91,9.09
7592196227359490091,1月6日-K7-YL-混剪- (3).mp4,2026-01-06 18:39:15,1月份,1.6,1月6日-K7-YL-混剪- (3).mp4,F:\KINYO\K7素材汇总\1月份\1.6\1月6日-K7-YL-混剪- (3).mp4,264,2.695,3.195,142711.0,7715.5,6.470000000000001,347.785,43.5,138507.0,125.5,225.5,23.4,49226.74,48734.26,162719.0,181.0,271.97,161017.0,639.0,1063.0,0.0,140244.0,156.0,315.56,138836.01,559.99,848.0,25.0,5.4,2.295,41.375,61.965,52.975,32.895,3.185,86.19,86.19,13.81
7592213374836670515,1月6日-K7-CM-混剪- (1).mp4,2026-01-06 19:45:56,1月份,1.6,1月6日-K7-CM-混剪- (1).mp4,F:\KINYO\K7素材汇总\1月份\1.6\1月6日-K7-CM-混剪- (1).mp4,199,3.195,4.33,10637.0,463.0,4.7,203.75,0.0,10702.5,3.5,9.0,20.49,1682.1,1682.1,8990.0,10.0,168.21,8917.59,55.01,17.4,0.0,6293.0,7.0,240.3,6270.59,5.01,17.4,3.0,4.415,2.165,42.875,52.455,47.425,36.95,5.365,70.0,70.0,30.0
7592214438725091338,1月6日-K7-CM-混剪- (12).mp4,2026-01-06 19:50:04,1月份,1.6,1月6日-K7-CM-混剪- (12).mp4,F:\KINYO\K7素材汇总\1月份\1.6\1月6日-K7-CM-混剪- (12).mp4,229,2.805,3.355,4318.5,201.5,3.355,154.645,0.0,4276.0,0.0,0.0,6.815,814.67,814.67,2697.0,3.0,271.56,2697.0,0.0,0.0,0.0,1798.0,2.0,407.34,1798.0,0.0,0.0,1.0,4.615,1.255,64.97,76.66,72.395,42.16,8.23,66.67,66.67,33.33
7592795926180495398,1月7日-K7-CM-混剪- (12).mp4,2026-01-08 09:26:34,1月份,1.7,1月7日-K7-CM-混剪- (12).mp4,F:\KINYO\K7素材汇总\1月份\1.7\1月7日-K7-CM-混剪- (12).mp4,212,1.985,3.115,5729.5,571.0,1.77,178.56,0.0,5858.5,0.0,0.0,10.875,562.82,562.82,899.0,1.0,562.82,897.0,2.0,0.0,0.0,0.0,0.0,0.0,0.0,0.0,0.0,1.0,10.07,0.585,58.565,67.81,63.735,47.355,8.16,0.0,0.0,100.0
7592938859203821619,1月8日-K7-YL-混剪(2).mp4,2026-01-08 18:41:15,1月份,1.8,1月8日-K7-YL-混剪(2).mp4,F:\KINYO\K7素材汇总\1月份\1.8\1月8日-K7-YL-混剪(2).mp4,226,2.31,2.715,638198.0,29646.5,2.41,113.74,11.0,608608.5,7.0,6.0,15.33,26609.82,26609.82,72920.0,80.0,332.62,72349.98,259.0,311.02,0.0,61233.0,67.0,397.16,60753.0,209.0,271.0,13.0,4.7,0.7150000000000001,80.035,89.38,87.42,45.025,2.955,83.97,83.75,16.03
7592938862029324339,1月8日-K7-YL-混剪(3).mp4,2026-01-08 18:41:15,1月份,1.8,1月8日-K7-YL-混剪(3).mp4,F:\KINYO\K7素材汇总\1月份\1.8\1月8日-K7-YL-混剪(3).mp4,207,2.8,3.32,29442.5,1259.0,6.539999999999999,287.265,3.0,28121.5,34.5,58.5,21.905,7036.56,7036.56,27071.0,29.0,242.64,26410.99,280.01,380.0,0.0,22475.0,25.0,281.46,21822.99,272.01,380.0,4.0,4.45,2.315,47.655,64.335,55.36,32.525,3.14,83.02,86.21,16.98
7592938867022692390,1月8日-K7-YL-混剪(6).mp4,2026-01-08 18:41:15,1月份,1.8,1月8日-K7-YL-混剪(6).mp4,F:\KINYO\K7素材汇总\1月份\1.8\1月8日-K7-YL-混剪(6).mp4,247,1.855,1.975,10387.5,589.5,5.67,320.69,1.5,11396.0,14.0,22.0,18.615,2958.19,2958.19,8091.0,9.0,328.69,7828.8,182.0,80.2,0.0,8091.0,9.0,328.69,7828.8,182.0,80.2,0.0,5.695,1.19,36.675,55.22,46.485,31.735,5.735,100.0,100.0,0.0
7592938891599085614,1月8日-K7-YL-混剪(5).mp4,2026-01-08 18:41:15,1月份,1.8,1月8日-K7-YL-混剪(5).mp4,F:\KINYO\K7素材汇总\1月份\1.8\1月8日-K7-YL-混剪(5).mp4,227,2.43,2.985,40442.0,1435.0,4.375,155.235,4.5,36293.0,10.0,43.5,33.56,7153.26,7153.26,17980.0,20.0,357.66,17928.0,52.0,0.0,0.0,17081.0,19.0,376.49,17029.0,52.0,0.0,1.0,3.55,1.44,60.43,66.75,64.17999999999999,43.75,3.955,95.0,95.0,5.0
7592962242825748518,1月8日-K7-CM-混剪- (6).mp4,2026-01-08 20:12:04,1月份,1.8,1月8日-K7-CM-混剪- (6).mp4,F:\KINYO\K7素材汇总\1月份\1.8\1月8日-K7-CM-混剪- (6).mp4,200,3.56,4.1,19807.5,895.0,3.745,173.9,1.0,20873.0,3.5,7.0,15.075,3264.28,3264.28,18879.0,21.0,155.44,18377.0,442.0,60.0,0.0,17980.0,20.0,163.21,17484.0,436.0,60.0,1.0,4.595000000000001,1.79,46.29,58.79000000000001,53.555,37.875,5.005,95.24,95.24,4.76
7592962280485715978,1月8日-K7-CM-混剪- (1).mp4,2026-01-08 20:12:04,1月份,1.8,1月8日-K7-CM-混剪- (1).mp4,F:\KINYO\K7素材汇总\1月份\1.8\1月8日-K7-CM-混剪- (1).mp4,178,3.11,3.855,3020.5,256.5,2.355,189.37,0.0,3129.0,1.0,0.5,14.415,536.23,536.23,1748.0,2.0,268.12,1748.0,0.0,0.0,0.0,1748.0,2.0,268.12,1748.0,0.0,0.0,0.0,8.370000000000001,0.9950000000000001,47.965,59.65,54.34,36.81,9.565000000000001,100.0,100.0,0.0
7592962282583638026,1月8日-K7-CM-混剪- (5).mp4,2026-01-08 20:12:04,1月份,1.8,1月8日-K7-CM-混剪- (5).mp4,F:\KINYO\K7素材汇总\1月份\1.8\1月8日-K7-CM-混剪- (5).mp4,205,2.335,2.335,4084.0,408.0,2.485,240.52,0.5,4682.5,1.0,1.5,14.355,272.25,272.25,0.0,0.0,0.0,0.0,0.0,0.0,0.0,0.0,0.0,0.0,0.0,0.0,0.0,0.0,9.69,0.635,46.6,55.695,51.975,37.88,9.245000000000001,0.0,0.0,0.0
7593311230407000083,1月9日-K7-YL-混剪(3).mp4,2026-01-09 18:46:08,1月份,1.9,1月9日-K7-YL-混剪(3).mp4,F:\KINYO\K7素材汇总\1月份\1.9\1月9日-K7-YL-混剪(3).mp4,296,2.76,3.215,224492.5,8572.5,3.18,120.085,4.5,214832.0,0.5,0.5,12.22,39215.01,39215.01,127759.0,141.0,278.12,127388.97,294.0,76.03,0.0,100789.0,111.0,353.29,100443.97,269.0,76.03,30.0,3.785,1.13,75.6,89.015,85.925,38.945,2.845,78.89,78.72,21.11
7593311233900593206,1月9日-K7-YL-混剪(4).mp4,2026-01-09 18:46:08,1月份,1.9,1月9日-K7-YL-混剪(4).mp4,F:\KINYO\K7素材汇总\1月份\1.9\1月9日-K7-YL-混剪(4).mp4,283,0.925,1.42,6558.0,363.5,5.935,333.6,1.5,6902.0,10.5,13.0,22.665,1818.08,1818.08,1798.0,2.0,909.04,1618.0,100.0,80.0,0.0,0.0,0.0,0.0,0.0,0.0,0.0,2.0,5.605,0.9149999999999999,41.99,55.535,48.17,32.875,4.505,0.0,0.0,100.0
7593311252995670079,1月9日-K7-YL-混剪(2).mp4,2026-01-09 18:46:08,1月份,1.9,1月9日-K7-YL-混剪(2).mp4,F:\KINYO\K7素材汇总\1月份\1.9\1月9日-K7-YL-混剪(2).mp4,263,3.005,3.585,12153.5,478.5,4.85,201.48,6.5,12017.0,11.5,22.0,26.395,1434.86,1434.86,7192.0,8.0,179.36,6998.0,54.0,140.0,0.0,6293.0,7.0,204.98,6101.0,52.0,140.0,1.0,4.205,1.87,41.755,59.545,50.755,35.575,4.390000000000001,87.5,87.5,12.5
7593320186835189823,1月9日-K7-MY- (10)混剪.mp4,2026-01-09 19:20:47,1月份,1.9,1月9日-K7-MY- (10)混剪.mp4,F:\KINYO\K7素材汇总\1月份\1.9\1月9日-K7-MY- (10)混剪.mp4,200,2.54,3.11,179651.5,7550.0,3.62,151.795,3.5,170363.5,11.0,40.5,35.345,19084.69,19084.69,59334.0,66.0,289.16,58685.0,455.0,194.0,0.0,46748.0,52.0,367.01,46175.0,379.0,194.0,14.0,4.195,1.25,76.81,86.05000000000001,83.47,40.455,3.73,78.79,78.79,21.21
7593320204084903979,1月9日-K7-MY- (5)混剪已发.mp4,2026-01-12 17:29:45,1月份,1.9,1月9日-K7-MY- (5)混剪已发.mp4,F:\KINYO\K7素材汇总\1月份\1.9\1月9日-K7-MY- (5)混剪已发.mp4,200,2.48,3.05,261274.0,11257.0,2.8,120.43,7.0,252156.0,0.0,1.0,14.67,,,,,,,,,,,,,,,,,4.31,0.91,79.62,89.55,87.31,44.38,3.51,,,
7593701454746779686,1月10日-K7-MY-混剪-  (10).mp4,2026-01-10 20:00:31,1月份,1.10,1月10日-K7-MY-混剪-  (10).mp4,F:\KINYO\K7素材汇总\1月份\1.10\1月10日-K7-MY-混剪-  (10).mp4,260,2.925,2.995,24514.0,1007.0,4.4,188.885,1.5,23318.5,8.5,11.0,18.535,2194.29,2194.29,8091.0,9.0,243.81,7923.99,7.01,160.0,0.0,8091.0,9.0,243.81,7923.99,7.01,160.0,0.0,4.28,1.46,69.71000000000001,82.605,77.50999999999999,43.27,4.535,100.0,100.0,0.0
7593701461055193138,1月10日-K7-MY-混剪-  (1).mp4,2026-01-10 20:00:31,1月份,1.10,1月10日-K7-MY-混剪-  (1).mp4,F:\KINYO\K7素材汇总\1月份\1.10\1月10日-K7-MY-混剪-  (1).mp4,233,2.505,3.155,122236.0,4468.5,3.26,125.54,5.5,108254.0,47.0,151.5,32.045,7594.26,7594.26,21677.0,23.0,330.19,21396.8,60.0,220.2,0.0,16283.0,17.0,446.72,16107.8,60.0,115.2,6.0,3.835,1.09,58.77,66.03999999999999,62.93,40.69,3.04,75.12,73.91,24.88
7593701482995859502,1月10日-K7-MY-混剪-  (9).mp4,2026-01-12 17:29:41,1月份,1.10,1月10日-K7-MY-混剪-  (9).mp4,F:\KINYO\K7素材汇总\1月份\1.10\1月10日-K7-MY-混剪-  (9).mp4,197,2.86,3.58,52881.0,2345.0,6.14,272.29,11.0,51648.0,60.0,94.0,19.82,,,,,,,,,,,,,,,,,4.43,2.39,46.97,63.22,54.13,32.62,2.93,,,
7593702018445164586,1月10日-K7-MY-混剪-  (11).mp4,2026-01-10 20:02:29,1月份,1.10,1月10日-K7-MY-混剪-  (11).mp4,F:\KINYO\K7素材汇总\1月份\1.10\1月10日-K7-MY-混剪-  (11).mp4,234,2.87,3.49,23146.5,1476.5,4.93,318.67,5.5,24530.5,6.0,14.5,18.04,2471.69,2471.69,10788.0,12.0,205.97,10731.6,50.0,6.4,0.0,8091.0,9.0,274.63,8034.6,50.0,6.4,3.0,6.465,1.905,42.13,57.24,50.92,35.93,5.365,75.0,75.0,25.0
7594068604808560692,1月13日-K7-CM混剪- (1).mp4,2026-01-11 19:44:46,1月份,1.13,1月13日-K7-CM混剪- (1).mp4,F:\KINYO\K7素材汇总\1月份\1.13\1月13日-K7-CM混剪- (1).mp4,208,1.48,1.84,133426.0,9433.0,2.32,164.37,2.0,134441.0,0.0,3.0,10.35,21930.69,21930.69,40455.0,45.0,487.35,38601.99,1769.01,84.0,0.0,32364.0,36.0,609.19,30819.0,1461.0,84.0,9.0,7.07,0.48,74.23,83.79,80.41,40.82,3.85,80.0,80.0,20.0
7594074187410735131,1月13日-K7-MY- (9)混剪.mp4,2026-01-11 20:06:55,1月份,1.11,1月13日-K7-MY- (9)混剪.mp4,F:\KINYO\K7素材汇总\1月份\1.11\1月13日-K7-MY- (9)混剪.mp4,231,2.47,3.085,37324.0,1570.5,3.59,147.75,2.0,36776.0,7.0,22.5,27.61,4572.67,4572.67,9889.0,11.0,415.7,9711.6,85.0,92.4,0.0,8091.0,9.0,508.07,7963.6,35.0,92.4,2.0,4.15,1.18,57.37,65.37,62.52,39.415,3.81,81.82,81.82,18.18
7594074207699353609,1月13日-K7-MY- (10)混剪.mp4,2026-01-11 20:06:55,1月份,1.11,1月13日-K7-MY- (10)混剪.mp4,F:\KINYO\K7素材汇总\1月份\1.11\1月13日-K7-MY- (10)混剪.mp4,235,2.415,2.965,46465.0,2454.5,4.425,252.96,17.0,44005.0,33.5,55.5,18.75,5486.22,5486.22,17081.0,19.0,288.75,16896.0,185.0,0.0,0.0,14384.0,16.0,342.89,14244.0,140.0,0.0,3.0,5.725,1.445,39.33,58.815,50.175,32.83,4.775,84.21,84.21,15.79
7594075236495638570,1月14日-K7-MY-混剪 (2).mp4,2026-01-11 20:10:52,1月份,1.12,1月14日-K7-MY-混剪 (2).mp4,F:\KINYO\K7素材汇总\1月份\1.12\1月14日-K7-MY-混剪 (2).mp4,222,2.765,2.98,4332.5,249.0,5.295,307.86,0.5,5206.5,1.0,1.5,16.8,696.68,696.68,1798.0,2.0,348.34,1698.0,100.0,0.0,0.0,1798.0,2.0,348.34,1698.0,100.0,0.0,0.0,6.125,1.83,38.35,45.72,41.805,34.16,5.24,100.0,100.0,0.0
7594075236742627382,1月14日-K7-MY-混剪 (6).mp4,2026-01-11 20:10:52,1月份,1.12,1月14日-K7-MY-混剪 (6).mp4,F:\KINYO\K7素材汇总\1月份\1.12\1月14日-K7-MY-混剪 (6).mp4,209,1.995,2.75,15156.5,761.0,2.495,126.5,0.5,14895.5,0.0,0.5,12.025,1645.62,1645.62,6293.0,7.0,235.09,6193.0,100.0,0.0,0.0,4495.0,5.0,329.12,4395.0,100.0,0.0,2.0,5.07,0.77,74.72,84.21000000000001,81.49,47.06999999999999,4.710000000000001,71.43,71.43,28.57
7594075255922589739,1月14日-K7-MY-混剪 (1).mp4,2026-01-11 20:10:52,1月份,1.12,1月14日-K7-MY-混剪 (1).mp4,F:\KINYO\K7素材汇总\1月份\1.12\1月14日-K7-MY-混剪 (1).mp4,210,2.685,3.69,26823.0,1405.0,5.800000000000001,306.11,5.5,28067.0,37.0,58.0,22.595,4662.15,4662.15,20677.0,23.0,202.7,20059.98,127.02,490.0,0.0,14384.0,16.0,291.38,13902.99,81.01,400.0,7.0,5.29,2.335,42.72,57.2,49.345,31.475,4.015000000000001,69.57,69.57,30.43
7594075263437717545,1月14日-K7-MY-混剪 (5).mp4,2026-01-11 20:10:52,1月份,1.12,1月14日-K7-MY-混剪 (5).mp4,F:\KINYO\K7素材汇总\1月份\1.12\1月14日-K7-MY-混剪 (5).mp4,216,2.15,2.955,8732.5,592.5,4.675000000000001,317.545,0.5,10433.0,3.5,8.0,14.625,2974.19,2974.19,7192.0,8.0,371.77,7016.99,95.01,80.0,0.0,4495.0,5.0,594.84,4445.0,50.0,0.0,3.0,6.795,1.53,41.485,53.23,47.875,36.61,5.175000000000001,62.5,62.5,37.5
7594076223427428358,1月15日-K7-MY- 混剪 (3).mp4,2026-01-11 20:14:40,1月份,1.13,1月15日-K7-MY- 混剪 (3).mp4,F:\KINYO\K7素材汇总\1月份\1.13\1月15日-K7-MY- 混剪 (3).mp4,221,1.63,1.9,13414.5,541.0,3.625,152.255,3.5,13852.5,3.5,18.0,23.595,3312.76,3312.76,12586.0,14.0,236.63,12516.0,50.0,20.0,0.0,10788.0,12.0,276.06,10718.0,50.0,20.0,2.0,4.245,0.86,42.63,47.045,45.02500000000001,33.66,2.94,85.71,85.71,14.29
7594076240170041363,1月15日-K7-MY- 混剪 (4).mp4,2026-01-11 20:14:40,1月份,1.13,1月15日-K7-MY- 混剪 (4).mp4,F:\KINYO\K7素材汇总\1月份\1.13\1月15日-K7-MY- 混剪 (4).mp4,222,1.48,1.85,5813.0,364.5,7.535,285.16,1.5,6743.0,4.5,8.5,16.09,3649.0,3649.0,13485.0,14.0,260.64,12929.67,109.0,446.33,0.0,10788.0,11.0,331.73,10282.67,59.0,446.33,3.0,4.42,0.97,40.775,50.545,45.935,37.475,6.76,80.0,78.57,20.0
7594076259149791251,1月15日-K7-MY- 混剪 (1).mp4,2026-01-11 20:14:40,1月份,1.13,1月15日-K7-MY- 混剪 (1).mp4,F:\KINYO\K7素材汇总\1月份\1.13\1月15日-K7-MY- 混剪 (1).mp4,217,2.59,3.545,23421.5,1124.0,6.799999999999999,299.54,7.0,22750.0,29.0,56.0,21.22,9030.48,9030.48,33263.0,37.0,244.07,32085.36,369.04,808.6,0.0,22475.0,25.0,361.22,21544.97,282.03,648.0,12.0,4.56,2.665,47.635,65.595,55.61,32.58,2.735,67.57,67.57,32.43
7594079590093865003,1月11日-K7-CM-混剪- (2).mp4,2026-01-11 20:27:41,1月份,1.11,1月11日-K7-CM-混剪- (2).mp4,F:\KINYO\K7素材汇总\1月份\1.11\1月11日-K7-CM-混剪- (2).mp4,220,1.27,1.735,6857.5,280.0,2.875,119.195,0.5,7459.5,2.0,7.0,12.865,964.17,964.17,1797.9,2.0,482.09,1647.0,90.0,60.9,0.0,898.9,1.0,964.17,798.0,40.0,60.9,1.0,4.13,0.55,41.66,59.815,51.52,31.475,3.925,50.0,50.0,50.0
7594278206615519259,1月12日-K7-CM混剪- (10).mp4,2026-01-12 09:18:37,1月份,1.12,1月12日-K7-CM混剪- (10).mp4,F:\KINYO\K7素材汇总\1月份\1.12\1月12日-K7-CM混剪- (10).mp4,210,1.005,2.68,4516.5,296.0,2.455,158.585,0.5,4537.0,2.0,0.0,13.905,537.33,537.33,1798.0,2.0,268.67,1753.0,45.0,0.0,0.0,0.0,0.0,0.0,0.0,0.0,0.0,2.0,6.475,0.74,57.675,71.085,65.455,40.77,8.524999999999999,0.0,0.0,100.0
7594278219168530441,1月12日-K7-CM混剪- (5).mp4,2026-01-12 09:18:37,1月份,1.12,1月12日-K7-CM混剪- (5).mp4,F:\KINYO\K7素材汇总\1月份\1.12\1月12日-K7-CM混剪- (5).mp4,176,1.92,2.675,34408.5,1668.0,5.345,263.33,9.5,35854.5,46.0,67.5,20.845,5232.02,5232.02,14384.0,16.0,327.0,13947.99,113.01,323.0,0.0,10788.0,12.0,436.0,10360.0,108.0,320.0,4.0,4.945,1.59,43.8,60.535,51.22,30.235,4.065,75.0,75.0,25.0
7595161086967726086,1月14日-K7-YL-混剪(1).mp4,2026-01-14 18:28:54,1月份,1.14,1月14日-K7-YL-混剪(1).mp4,F:\KINYO\K7素材汇总\1月份\1.14\1月14日-K7-YL-混剪(1).mp4,270,3.74,4.49,7592.0,373.0,3.22,158.29,0.0,7231.0,0.0,0.0,6.01,,,,,,,,,,,,,,,,,4.91,1.61,77.08,86.12,82.66,53.44,6.22,,,
7595161102398668819,1月14日-K7-YL-混剪(2).mp4,2026-01-14 18:28:54,1月份,1.14,1月14日-K7-YL-混剪(2).mp4,F:\KINYO\K7素材汇总\1月份\1.14\1月14日-K7-YL-混剪(2).mp4,208,1.56,1.56,6304.0,672.0,1.71,182.26,0.0,7489.0,0.0,3.0,12.17,,,,,,,,,,,,,,,,,10.66,0.3,49.15,57.44,53.93,39.63,5.85,,,
7595161111016669227,1月14日-K7-YL-混剪(8).mp4,2026-01-14 18:28:54,1月份,1.14,1月14日-K7-YL-混剪(8).mp4,F:\KINYO\K7素材汇总\1月份\1.14\1月14日-K7-YL-混剪(8).mp4,277,2.89,3.86,4804.0,321.0,2.9,194.09,0.0,5809.0,2.0,2.0,13.14,,,,,,,,,,,,,,,,,6.68,1.25,57.14,63.37,60.68,50.11,5.54,,,
7595161142652256291,1月14日-K7-YL-混剪(6).mp4,2026-01-14 18:28:54,1月份,1.14,1月14日-K7-YL-混剪(6).mp4,F:\KINYO\K7素材汇总\1月份\1.14\1月14日-K7-YL-混剪(6).mp4,233,0.98,1.63,8909.0,538.0,5.13,310.04,0.0,9728.0,6.0,15.0,20.22,,,,,,,,,,,,,,,,,6.04,0.93,43.38,59.58,52.2,37.7,5.85,,,
7595189897502507050,1月14日-K7-MY- 混剪.mp4 (5).mp4,2026-01-14 20:16:08,1月份,1.14,1月14日-K7-MY- 混剪.mp4 (5).mp4,F:\KINYO\K7素材汇总\1月份\1.14\1月14日-K7-MY- 混剪.mp4 (5).mp4,219,2.22,3.095,42025.0,1957.5,2.61,135.715,0.0,40308.0,0.0,0.0,7.380000000000001,832.57,832.57,2697.0,3.0,277.52,2647.0,50.0,0.0,0.0,1798.0,2.0,416.29,1798.0,0.0,0.0,1.0,5.205,0.895,70.94,81.83,78.245,44.195,4.77,66.67,66.67,33.33
7595189897955557418,1月14日-K7-MY- 混剪.mp4 (4).mp4,2026-01-14 20:16:08,1月份,1.14,1月14日-K7-MY- 混剪.mp4 (4).mp4,F:\KINYO\K7素材汇总\1月份\1.14\1月14日-K7-MY- 混剪.mp4 (4).mp4,235,2.48,3.015,35641.0,1627.0,6.005,283.845,11.0,35685.5,45.0,76.0,23.175,4215.74,4215.74,13485.0,15.0,281.05,13192.99,112.01,180.0,0.0,10788.0,12.0,351.31,10577.99,110.01,100.0,3.0,4.795,1.99,45.43,62.04000000000001,52.94,31.7,3.93,80.0,80.0,20.0
7595542379304648746,1月15日-K7-YL-混剪(2).mp4,2026-01-15 19:04:00,1月份,1.15,1月15日-K7-YL-混剪(2).mp4,F:\KINYO\K7素材汇总\1月份\1.15\1月15日-K7-YL-混剪(2).mp4,266,3.365,4.21,8584.5,533.5,3.68,236.975,0.0,8751.0,3.0,6.5,8.06,1375.17,1375.17,5394.0,6.0,229.2,5062.0,252.0,80.0,0.0,4495.0,5.0,275.03,4165.0,250.0,80.0,1.0,6.465,1.73,45.4,58.06,52.005,32.67,6.175,83.33,83.33,16.67
7595542396417540102,1月15日-K7-YL-混剪(3).mp4,2026-01-15 19:04:00,1月份,1.15,1月15日-K7-YL-混剪(3).mp4,F:\KINYO\K7素材汇总\1月份\1.15\1月15日-K7-YL-混剪(3).mp4,247,3.13,3.505,4422.0,229.5,3.315,198.925,0.0,4476.5,0.0,0.0,4.24,188.85,188.85,899.0,1.0,188.85,899.0,0.0,0.0,0.0,899.0,1.0,188.85,899.0,0.0,0.0,0.0,5.895,1.35,67.705,77.435,73.785,45.195,4.83,100.0,100.0,0.0
7595550067751731250,1月15日-K7-CM-混剪- (5).mp4,2026-01-15 19:34:02,1月份,1.15,1月15日-K7-CM-混剪- (5).mp4,F:\KINYO\K7素材汇总\1月份\1.15\1月15日-K7-CM-混剪- (5).mp4,214,3.64,3.965,13361.5,626.5,2.375,111.56,4.0,13275.5,11.5,26.0,28.815,1383.7,1383.7,6293.0,7.0,197.67,6068.97,64.03,160.0,0.0,5394.0,6.0,230.62,5169.97,64.03,160.0,1.0,4.69,1.04,42.9,61.005,50.05,33.375,3.6,85.71,85.71,14.29
7595580740723228681,1月15日-K7-MY-混剪 (4).mp4,2026-01-15 21:32:59,1月份,1.15,1月15日-K7-MY-混剪 (4).mp4,F:\KINYO\K7素材汇总\1月份\1.15\1月15日-K7-MY-混剪 (4).mp4,216,2.71,3.1,9240.0,323.5,3.925,142.43,1.0,9040.0,2.0,7.5,24.9,1147.64,1147.64,2697.0,3.0,382.55,2697.0,0.0,0.0,0.0,1798.0,2.0,573.82,1798.0,0.0,0.0,1.0,3.655,1.37,51.90000000000001,57.14,55.165,38.415,3.615,66.67,66.67,33.33
7595581190721404970,1月15日-K7-MY-混剪 (6).mp4,2026-01-15 21:34:42,1月份,1.15,1月15日-K7-MY-混剪 (6).mp4,F:\KINYO\K7素材汇总\1月份\1.15\1月15日-K7-MY-混剪 (6).mp4,216,2.58,3.295,22667.5,1261.0,6.54,345.69,8.0,23385.0,10.0,32.0,16.655,3533.99,3533.99,10389.0,11.0,321.27,10046.99,242.01,100.0,0.0,6793.0,7.0,504.86,6620.0,153.0,20.0,4.0,5.355,2.28,39.255,56.965,48.76000000000001,32.55,4.245,65.39,63.64,34.61
7595581212347121700,1月15日-K7-MY-混剪 (5).mp4,2026-01-15 21:34:42,1月份,1.15,1月15日-K7-MY-混剪 (5).mp4,F:\KINYO\K7素材汇总\1月份\1.15\1月15日-K7-MY-混剪 (5).mp4,260,2.36,2.64,75032.0,2640.5,2.72,95.07,3.5,70779.5,0.0,0.0,9.885,3254.55,3254.55,9889.0,11.0,295.87,9790.0,95.0,4.0,0.0,9889.0,11.0,295.87,9790.0,95.0,4.0,0.0,3.5,0.7949999999999999,81.91999999999999,91.73500000000001,89.595,37.855,2.435,100.0,100.0,0.0
7595911819053105178,1月16日-K7-YL-混剪(4).mp4,2026-01-16 18:59:54,1月份,1.16,1月16日-K7-YL-混剪(4).mp4,F:\KINYO\K7素材汇总\1月份\1.16\1月16日-K7-YL-混剪(4).mp4,189,2.175,2.175,3451.0,232.0,2.525,158.99,0.0,3959.5,1.0,1.0,10.585,240.79,240.79,0.0,0.0,0.0,0.0,0.0,0.0,0.0,0.0,0.0,0.0,0.0,0.0,0.0,0.0,6.39,0.525,51.02,60.94,56.485,39.86499999999999,7.375,0.0,0.0,0.0
7595950522347421738,1月16日-K7-MY-混剪- (1).mp4,2026-01-16 21:30:53,1月份,1.16,1月16日-K7-MY-混剪- (1).mp4,F:\KINYO\K7素材汇总\1月份\1.16\1月16日-K7-MY-混剪- (1).mp4,220,1.535,2.575,7452.5,410.5,5.85,328.72,1.5,8476.0,4.0,17.5,15.235,1485.26,1485.26,4495.0,5.0,297.05,4271.38,55.01,168.61,0.0,1798.0,2.0,742.63,1718.0,0.0,80.0,3.0,5.630000000000001,1.665,37.8,51.795,45.37,32.21,3.145,40.0,40.0,60.0
7595951815557971977,1月16日-K7-MY-混剪- (12).mp4,2026-01-16 21:33:09,1月份,1.16,1月16日-K7-MY-混剪- (12).mp4,F:\KINYO\K7素材汇总\1月份\1.16\1月16日-K7-MY-混剪- (12).mp4,177,0.705,0.705,4790.0,259.0,4.12,221.495,0.0,4762.0,2.0,1.5,8.695,1275.09,1275.09,1798.0,2.0,637.55,1698.0,100.0,0.0,0.0,1798.0,2.0,637.55,1698.0,100.0,0.0,0.0,5.385,0.3,58.59999999999999,70.215,64.36,37.405,5.955,100.0,100.0,0.0
7596298124902580275,1月17日-K7-MY- (9)混剪.mp4,2026-01-17 19:56:53,1月份,1.17,1月17日-K7-MY- (9)混剪.mp4,F:\KINYO\K7素材汇总\1月份\1.17\1月17日-K7-MY- (9)混剪.mp4,223,1.81,2.36,34969.5,1069.5,3.39,110.625,0.5,30355.5,6.5,35.5,28.515,1441.6,1441.6,2697.0,3.0,480.53,2697.0,0.0,0.0,0.0,1798.0,2.0,720.8,1798.0,0.0,0.0,1.0,3.255,0.885,52.605,59.02500000000001,56.335,37.915,2.84,66.67,66.67,33.33
7596302868324990986,1月17日-K7-CM-混剪- (2).mp4,2026-01-18 22:59:48,1月份,1.17,1月17日-K7-CM-混剪- (2).mp4,F:\KINYO\K7素材汇总\1月份\1.17\1月17日-K7-CM-混剪- (2).mp4,247,1.53,1.53,3261.0,204.0,2.88,180.46,0.0,4067.0,2.0,1.0,13.41,,,,,,,,,,,,,,,,,6.26,0.49,41.23,50.14,45.91,37.3,8.31,,,
7596302993484431375,1月17日-K7-CM-混剪- (9).mp4,2026-01-17 20:15:22,1月份,1.17,1月17日-K7-CM-混剪- (9).mp4,F:\KINYO\K7素材汇总\1月份\1.17\1月17日-K7-CM-混剪- (9).mp4,193,4.025,4.345000000000001,99084.5,2847.5,3.785,116.29,9.5,95528.0,3.0,10.0,8.81,5098.66,5098.66,25172.0,28.0,182.1,24778.0,334.0,60.0,0.0,24273.0,27.0,188.84,23929.0,284.0,60.0,1.0,3.05,1.835,46.35,69.935,59.025,33.645,3.46,96.43,96.43,3.57
7596668316988325914,1月18日-K7-MY-混剪-  (9).mp4,2026-01-18 19:53:30,1月份,1.18,1月18日-K7-MY-混剪-  (9).mp4,F:\KINYO\K7素材汇总\1月份\1.18\1月18日-K7-MY-混剪-  (9).mp4,232,2.39,2.965,348516.0,14891.5,3.215,134.75,10.5,326739.5,8.5,26.5,27.7,23517.9,23517.9,67127.0,73.0,322.16,66792.99,223.0,111.01,0.0,56339.0,61.0,385.54,56064.99,223.0,51.01,12.0,4.21,1.04,75.58500000000001,88.2,84.525,41.195,2.76,83.93,83.56,16.07
7596669054046273572,1月18日-K7-MY-混剪-  (12).mp4,2026-01-18 19:56:06,1月份,1.18,1月18日-K7-MY-混剪-  (12).mp4,F:\KINYO\K7素材汇总\1月份\1.18\1月18日-K7-MY-混剪-  (12).mp4,239,2.045,2.355,9409.5,441.0,3.575,167.19,0.0,8772.0,0.0,0.0,18.77,1445.62,1445.62,4495.0,5.0,289.12,4375.0,0.0,120.0,0.0,3596.0,4.0,361.41,3536.0,0.0,60.0,1.0,4.68,0.96,79.84,89.4,86.60499999999999,45.77,3.695,80.0,80.0,20.0
7597411996900163647,1月20日-K7-MY- (6)已发.mp4,2026-01-23 16:01:58,1月份,1.20,1月20日-K7-MY- (6)已发.mp4,F:\KINYO\K7素材汇总\1月份\1.20\1月20日-K7-MY- (6)已发.mp4,109,7.2,7.2,7589.0,294.0,1.7,65.8,0.0,3838.0,28.0,117.0,33.34,,,,,,,,,,,,,,,,,3.87,1.36,49.53,69.31,59.72,37.94,8.96,,,
7597759125851291674,1月21日-K7-YL-混剪(1).mp4,2026-01-21 18:26:21,1月份,1.21,1月21日-K7-YL-混剪(1).mp4,F:\KINYO\K7素材汇总\1月份\1.21\1月21日-K7-YL-混剪(1).mp4,283,2.06,2.75,24745.0,1267.0,3.09,158.37,1.0,24265.0,1.0,1.0,12.89,,,,,,,,,,,,,,,,,5.12,0.95,78.11,87.17,84.58,48.74,3.56,,,
7597759147849842739,1月21日-K7-YL-混剪(4).mp4,2026-01-21 18:26:21,1月份,1.21,1月21日-K7-YL-混剪(4).mp4,F:\KINYO\K7素材汇总\1月份\1.21\1月21日-K7-YL-混剪(4).mp4,257,2.56,2.56,9957.0,509.0,3.45,176.19,0.0,10110.0,1.0,0.0,21.31,,,,,,,,,,,,,,,,,5.11,0.98,71.79,79.55,76.64,54.84,5.67,,,
7597759251209748495,1月21日-K7-YL-混剪(5).mp4,2026-01-21 18:26:21,1月份,1.21,1月21日-K7-YL-混剪(5).mp4,F:\KINYO\K7素材汇总\1月份\1.21\1月21日-K7-YL-混剪(5).mp4,253,1.41,2.03,15844.0,681.0,8.44,362.82,2.0,14920.0,14.0,28.0,20.58,,,,,,,,,,,,,,,,,4.3,1.91,45.62,62.45,53.34,32.53,3.85,,,
7597788068666425398,1月20日-K7-CM-混剪- (4).mp4,2026-01-21 20:18:32,1月份,1.20,1月20日-K7-CM-混剪- (4).mp4,F:\KINYO\K7素材汇总\1月份\1.20\1月20日-K7-CM-混剪- (4).mp4,193,1.91,1.91,3549.0,208.0,2.37,143.91,0.0,3672.5,0.0,0.0,3.86,59.07,59.07,0.0,0.0,0.0,0.0,0.0,0.0,0.0,0.0,0.0,0.0,0.0,0.0,0.0,0.0,6.19,0.66,52.38,63.96,58.565,39.42,5.43,0.0,0.0,0.0
7598140566690988059,1月22日-K7-YL-混剪(2).mp4,2026-01-22 19:06:39,1月份,1.22,1月22日-K7-YL-混剪(2).mp4,F:\KINYO\K7素材汇总\1月份\1.22\1月22日-K7-YL-混剪(2).mp4,272,0.865,1.15,4524.0,364.0,1.255,132.29,0.0,4618.0,0.0,0.0,2.595,1.74,1.74,0.0,0.0,0.0,0.0,0.0,0.0,0.0,0.0,0.0,0.0,0.0,0.0,0.0,0.0,17.165,0.275,60.73,66.285,62.595,60.03,20.49,0.0,0.0,0.0
7598140632592121875,1月22日-K7-YL-混剪(4).mp4,2026-01-22 19:06:39,1月份,1.22,1月22日-K7-YL-混剪(4).mp4,F:\KINYO\K7素材汇总\1月份\1.22\1月22日-K7-YL-混剪(4).mp4,266,1.185,1.295,19723.5,609.5,3.37,105.455,0.5,17133.5,4.0,21.0,32.295,210.29,210.29,0.0,0.0,0.0,0.0,0.0,0.0,0.0,0.0,0.0,0.0,0.0,0.0,0.0,0.0,3.135,0.52,48.23,54.605,51.565,38.72,4.235,0.0,0.0,0.0
7598140644361699371,1月22日-K7-YL-混剪(1).mp4,2026-01-22 19:06:39,1月份,1.22,1月22日-K7-YL-混剪(1).mp4,F:\KINYO\K7素材汇总\1月份\1.22\1月22日-K7-YL-混剪(1).mp4,233,2.99,3.55,21799.0,851.5,6.725,251.24,4.0,21108.0,26.5,62.0,26.01,9693.66,9693.66,33964.9,35.0,276.96,33815.99,79.01,69.9,0.0,28071.0,29.0,334.26,27995.99,75.01,0.0,6.0,3.735,2.56,46.02,65.92,56.435,36.06,2.085,82.65,82.86,17.35
7598147011917791274,1月22日-K7-CM-混剪- (1).mp4,2026-01-22 19:31:38,1月份,1.22,1月22日-K7-CM-混剪- (1).mp4,F:\KINYO\K7素材汇总\1月份\1.22\1月22日-K7-CM-混剪- (1).mp4,207,1.38,1.38,6223.5,267.0,4.09,114.855,0.0,4455.0,6.0,7.0,18.295,5.73,5.73,0.0,0.0,0.0,0.0,0.0,0.0,0.0,0.0,0.0,0.0,0.0,0.0,0.0,0.0,3.235,0.375,44.675,62.97499999999999,49.0,35.09,6.775,0.0,0.0,0.0
7598524018490638372,1月23日-K7-CM-混剪- (9).mp4,2026-01-23 19:54:25,1月份,1.23,1月23日-K7-CM-混剪- (9).mp4,F:\KINYO\K7素材汇总\1月份\1.23\1月23日-K7-CM-混剪- (9).mp4,223,2.855,3.99,7599.0,400.5,2.835,159.0,1.5,7267.5,1.0,6.0,10.66,506.26,506.26,1897.0,3.0,168.75,1759.0,78.0,60.0,0.0,998.0,2.0,253.13,910.0,28.0,60.0,1.0,5.635,1.45,45.855,58.58,51.445,33.88,3.965,52.61,66.67,47.39
7598524050352799763,1月23日-K7-CM-混剪- (7).mp4,2026-01-23 19:54:25,1月份,1.23,1月23日-K7-CM-混剪- (7).mp4,F:\KINYO\K7素材汇总\1月份\1.23\1月23日-K7-CM-混剪- (7).mp4,189,2.41,2.725,5421.0,249.5,6.785,343.67,0.0,5319.5,4.5,8.0,19.955,543.75,543.75,899.0,1.0,543.75,899.0,0.0,0.0,0.0,899.0,1.0,543.75,899.0,0.0,0.0,0.0,5.065,2.055,48.675,61.775,54.975,35.53,5.29,100.0,100.0,0.0
7598531607626137650,1月23日-K7-MY- (8)混剪.mp4,2026-01-23 20:24:01,1月份,1.23,1月23日-K7-MY- (8)混剪.mp4,F:\KINYO\K7素材汇总\1月份\1.23\1月23日-K7-MY- (8)混剪.mp4,218,1.385,1.385,13602.5,670.5,2.55,139.86,0.0,13835.5,0.0,0.5,14.95,14.49,14.49,0.0,0.0,0.0,0.0,0.0,0.0,0.0,0.0,0.0,0.0,0.0,0.0,0.0,0.0,5.52,0.41,63.53,70.045,67.455,45.315,6.71,0.0,0.0,0.0
7598893909222686730,1月24日-K7-CM-混剪- (12).mp4,2026-01-24 19:49:44,1月份,1.24,1月24日-K7-CM-混剪- (12).mp4,F:\KINYO\K7素材汇总\1月份\1.24\1月24日-K7-CM-混剪- (12).mp4,224,1.26,1.26,5491.0,218.0,3.26,129.6,0.0,5408.0,0.0,2.0,9.68,,,,,,,,,,,,,,,,,3.97,0.46,66.51,77.74,73.3,40.2,5.86,,,
7598894047782354953,1月24日-K7-MY-混剪- (10).mp4,2026-01-24 19:50:31,1月份,1.24,1月24日-K7-MY-混剪- (10).mp4,F:\KINYO\K7素材汇总\1月份\1.24\1月24日-K7-MY-混剪- (10).mp4,227,2.39,2.65,63986.5,3248.0,2.5,124.135,17.5,64086.0,8.5,25.5,11.12,1488.79,1488.79,3596.0,4.0,372.2,3594.0,2.0,0.0,0.0,3596.0,4.0,372.2,3594.0,2.0,0.0,0.0,4.975,0.735,44.095,60.15000000000001,51.205,35.905,3.73,100.0,100.0,0.0
7598894054338887730,1月24日-K7-MY-混剪- (9).mp4,2026-01-24 19:50:31,1月份,1.24,1月24日-K7-MY-混剪- (9).mp4,F:\KINYO\K7素材汇总\1月份\1.24\1月24日-K7-MY-混剪- (9).mp4,290,2.86,3.035,6209.0,325.0,3.86,210.02,0.5,8147.5,2.0,5.5,10.695,380.39,380.39,899.0,1.0,380.39,899.0,0.0,0.0,0.0,899.0,1.0,380.39,899.0,0.0,0.0,0.0,5.7,1.235,40.27500000000001,45.02,42.70999999999999,35.605,2.435,100.0,100.0,0.0
7598895351668162569,1月24日-K7-MY-混剪- (13).mp4,2026-01-24 19:55:24,1月份,1.24,1月24日-K7-MY-混剪- (13).mp4,F:\KINYO\K7素材汇总\1月份\1.24\1月24日-K7-MY-混剪- (13).mp4,150,1.205,1.205,6351.5,398.5,2.59,179.71,0.5,6422.0,1.5,7.0,12.66,311.53,311.53,0.0,0.0,0.0,0.0,0.0,0.0,0.0,0.0,0.0,0.0,0.0,0.0,0.0,0.0,7.024999999999999,0.375,45.07,57.705,52.53,31.48,4.779999999999999,0.0,0.0,0.0
7599619744779223078,1月26日-K7-YL-混剪(2).mp4,2026-01-26 18:46:27,1月份,1.26,1月26日-K7-YL-混剪(2).mp4,F:\KINYO\K7素材汇总\1月份\1.26\1月26日-K7-YL-混剪(2).mp4,285,1.14,1.3,51606.0,2612.0,2.72,138.595,3.0,49486.0,0.0,3.0,26.6,275.12,275.12,0.0,0.0,0.0,0.0,0.0,0.0,0.0,0.0,0.0,0.0,0.0,0.0,0.0,0.0,5.095,0.4,75.64500000000001,84.775,82.245,45.69,4.92,0.0,0.0,0.0
7599619767999152155,1月26日-K7-YL-混剪(4).mp4,2026-01-26 18:46:27,1月份,1.26,1月26日-K7-YL-混剪(4).mp4,F:\KINYO\K7素材汇总\1月份\1.26\1月26日-K7-YL-混剪(4).mp4,269,2.18,2.84,48812.5,2279.5,1.99,93.49000000000001,7.5,48421.5,2.0,10.0,14.575,5766.6,5766.6,17081.0,19.0,303.51,16705.94,100.0,275.06,0.0,12586.0,14.0,411.9,12260.94,100.0,225.06,5.0,4.699999999999999,0.63,43.995,64.00999999999999,53.14,33.68,3.415,73.68,73.68,26.32
7599619774851907611,1月26日-K7-YL-混剪(6).mp4,2026-01-26 18:46:27,1月份,1.26,1月26日-K7-YL-混剪(6).mp4,F:\KINYO\K7素材汇总\1月份\1.26\1月26日-K7-YL-混剪(6).mp4,289,1.945,2.62,87337.5,3458.0,3.35,129.785,3.5,81477.0,13.0,38.5,22.325,3518.89,3518.89,6293.0,7.0,502.7,6273.0,0.0,20.0,0.0,5394.0,6.0,586.48,5374.0,0.0,20.0,1.0,3.885,0.9249999999999999,65.735,76.69,73.17,38.645,2.28,85.71,85.71,14.29
7599632657988206642,1月26日-K7-MY-混剪 (17).mp4,2026-01-26 19:36:47,1月份,1.26,1月26日-K7-MY-混剪 (17).mp4,F:\KINYO\K7素材汇总\1月份\1.26\1月26日-K7-MY-混剪 (17).mp4,225,2.48,3.26,61058.0,2323.0,3.205,123.235,0.0,57626.0,13.5,43.5,26.775,3443.24,3443.24,10389.0,11.0,313.02,10275.0,0.0,114.0,0.0,7692.0,8.0,430.41,7638.0,0.0,54.0,3.0,3.845,1.115,58.43,66.61500000000001,63.6,39.475,3.16,74.04,72.73,25.96
7599632687168143369,1月26日-K7-MY-混剪 (16).mp4,2026-01-26 19:36:47,1月份,1.26,1月26日-K7-MY-混剪 (16).mp4,F:\KINYO\K7素材汇总\1月份\1.26\1月26日-K7-MY-混剪 (16).mp4,227,2.3,3.215,56987.0,2506.0,1.795,87.345,6.0,60752.0,6.5,28.0,9.004999999999999,1790.12,1790.12,6293.0,7.0,255.73,6176.99,91.01,25.0,0.0,4495.0,5.0,358.02,4403.99,91.01,0.0,2.0,4.95,0.635,37.58,56.205,45.25,31.23,2.725,71.43,71.43,28.57
7600367677266427923,1月28日-K7-YL-混剪(6).mp4,2026-01-28 19:08:36,1月份,1.28,1月28日-K7-YL-混剪(6).mp4,F:\KINYO\K7素材汇总\1月份\1.28\1月28日-K7-YL-混剪(6).mp4,288,1.325,1.74,7672.5,370.0,6.55,322.905,3.0,7743.5,8.0,20.5,18.625,650.81,650.81,0.0,0.0,0.0,0.0,0.0,0.0,0.0,0.0,0.0,0.0,0.0,0.0,0.0,0.0,4.94,1.185,36.70999999999999,55.96,47.365,31.075,4.6,0.0,0.0,0.0
7600760578893807667,1月29日-K7-CM-混剪- (8).mp4,2026-01-29 20:33:26,1月份,1.29,1月29日-K7-CM-混剪- (8).mp4,F:\KINYO\K7素材汇总\1月份\1.29\1月29日-K7-CM-混剪- (8).mp4,188,4.02,4.52,9379.0,482.0,3.71,190.84,0.0,9233.0,0.0,9.0,11.15,,,,,,,,,,,,,,,,,5.14,1.87,51.19,65.63,57.97,37.44,5.13,,,
7600760589728088114,1月29日-K7-CM-混剪- (10).mp4,2026-01-29 20:33:26,1月份,1.29,1月29日-K7-CM-混剪- (10).mp4,F:\KINYO\K7素材汇总\1月份\1.29\1月29日-K7-CM-混剪- (10).mp4,204,4.43,4.43,3297.0,210.0,3.87,246.4,0.0,4398.0,0.0,5.0,19.74,,,,,,,,,,,,,,,,,6.37,1.9,40.79,48.95,45.84,40.9,7.0,,,
7600760595149242409,1月29日-K7-CM-混剪- (9).mp4,2026-01-29 20:33:26,1月份,1.29,1月29日-K7-CM-混剪- (9).mp4,F:\KINYO\K7素材汇总\1月份\1.29\1月29日-K7-CM-混剪- (9).mp4,200,5.7,5.7,5952.0,525.0,1.5,132.45,0.0,5562.0,1.0,4.0,21.05,,,,,,,,,,,,,,,,,8.82,0.95,47.81,58.49,52.52,37.94,4.44,,,
7600760614222315526,1月29日-K7-CM-混剪- (2).mp4,2026-01-29 20:33:26,1月份,1.29,1月29日-K7-CM-混剪- (2).mp4,F:\KINYO\K7素材汇总\1月份\1.29\1月29日-K7-CM-混剪- (2).mp4,229,3.38,3.94,11869.0,492.0,3.25,134.65,0.0,11492.0,0.0,1.0,14.92,,,,,,,,,,,,,,,,,4.15,1.42,70.28,81.12,77.18,40.05,3.55,,,
7601117654277701670,1月30日-K7-YL-混剪(1).mp4,2026-01-30 19:39:13,1月份,1.30,1月30日-K7-YL-混剪(1).mp4,F:\KINYO\K7素材汇总\1月份\1.30\1月30日-K7-YL-混剪(1).mp4,261,1.685,2.04,17703.5,380.5,4.819999999999999,202.175,1.0,15935.0,11.0,34.0,7.2,1.36,1.36,0.0,0.0,0.0,0.0,0.0,0.0,0.0,0.0,0.0,0.0,0.0,0.0,0.0,0.0,9.41,1.84,55.18,82.32,63.38500000000001,39.73,0.615,0.0,0.0,0.0
7601149530658209846,1月30日-K7-CM-混剪- (3).mp4,2026-01-30 21:42:40,1月份,1.30,1月30日-K7-CM-混剪- (3).mp4,F:\KINYO\K7素材汇总\1月份\1.30\1月30日-K7-CM-混剪- (3).mp4,184,11.675,11.675,4826.5,330.0,3.28,233.74,0.5,4735.0,0.0,0.0,11.08,41.71,41.71,899.0,1.0,41.71,899.0,0.0,0.0,0.0,899.0,1.0,41.71,899.0,0.0,0.0,0.0,7.12,4.475,55.79,71.705,62.8,45.28,5.449999999999999,100.0,100.0,0.0
7601478145825407027,1月31日-K7-CM-混剪-- (9).mp4,2026-01-31 19:04:42,1月份,1.31,1月31日-K7-CM-混剪-- (9).mp4,F:\KINYO\K7素材汇总\1月份\1.31\1月31日-K7-CM-混剪-- (9).mp4,215,3.075,3.605,33014.5,1394.5,2.83,118.13,0.5,31825.0,0.0,0.0,10.065,3222.31,3222.31,12586.0,14.0,230.17,12517.2,52.0,16.8,0.0,11687.0,13.0,247.87,11618.2,52.0,16.8,1.0,4.19,1.14,78.775,88.6,86.09,45.58,3.32,92.86,92.86,7.14
7601478677480390683,1月31日-K7-CM-混剪-- (11).mp4,2026-01-31 19:08:23,1月份,1.31,1月31日-K7-CM-混剪-- (11).mp4,F:\KINYO\K7素材汇总\1月份\1.31\1月31日-K7-CM-混剪-- (11).mp4,212,2.035,2.23,5704.5,285.5,4.805,247.75,0.5,6484.0,1.5,7.5,19.955,544.55,544.55,1798.0,2.0,272.28,1790.99,7.01,0.0,0.0,1798.0,2.0,272.28,1790.99,7.01,0.0,0.0,5.18,1.15,40.69499999999999,56.74,49.48,34.745,4.44,100.0,100.0,0.0
7601485124283449350,1月31日-K7-MY-混剪-  (4).mp4,2026-01-31 19:24:56,1月份,1.31,1月31日-K7-MY-混剪-  (4).mp4,F:\KINYO\K7素材汇总\1月份\1.31\1月31日-K7-MY-混剪-  (4).mp4,212,1.8,1.955,19864.5,775.0,2.57,106.645,3.0,20193.0,1.5,12.5,17.1,2875.19,2875.19,4495.0,5.0,575.04,4410.0,85.0,0.0,0.0,3596.0,4.0,718.8,3511.0,85.0,0.0,1.0,4.11,0.575,51.055,67.225,58.605,36.9,3.52,80.0,80.0,20.0
7601485129568813119,1月31日-K7-MY-混剪-  (6).mp4,2026-01-31 19:24:56,1月份,1.31,1月31日-K7-MY-混剪-  (6).mp4,F:\KINYO\K7素材汇总\1月份\1.31\1月31日-K7-MY-混剪-  (6).mp4,207,2.375,2.795,7711.0,292.0,7.175000000000001,294.98,1.0,7365.0,6.5,15.5,20.945,537.22,537.22,0.0,0.0,0.0,0.0,0.0,0.0,0.0,0.0,0.0,0.0,0.0,0.0,0.0,0.0,4.065,1.93,43.14,56.545,49.33,33.025,3.575,0.0,0.0,0.0
7601841932990840882,2月1日-K7-YL- 混剪(7).mp4,2026-02-01 18:29:48,2月份,2.1,2月1日-K7-YL- 混剪(7).mp4,F:\KINYO\K7素材汇总\2月份\2.1\2月1日-K7-YL- 混剪(7).mp4,265,1.51,1.695,17495.5,454.0,2.065,104.78,0.0,16496.5,7.5,19.0,5.609999999999999,17.65,17.65,0.0,0.0,0.0,0.0,0.0,0.0,0.0,0.0,0.0,0.0,0.0,0.0,0.0,0.0,6.085,0.5,47.51,65.36,54.61499999999999,38.235,3.19,0.0,0.0,0.0
7601841966935113754,2月1日-K7-YL- 混剪(4).mp4,2026-02-01 18:29:48,2月份,2.1,2月1日-K7-YL- 混剪(4).mp4,F:\KINYO\K7素材汇总\2月份\2.1\2月1日-K7-YL- 混剪(4).mp4,256,1.95,2.09,7987.0,326.5,2.395,195.415,0.5,7514.5,9.0,9.0,6.685,0.78,0.78,0.0,0.0,0.0,0.0,0.0,0.0,0.0,0.0,0.0,0.0,0.0,0.0,0.0,0.0,2.045,1.07,66.995,77.675,71.295,61.19,26.17,0.0,0.0,0.0
7601865320384036927,2月1日-K7-MY- 混剪- (2).mp4,2026-02-01 20:00:19,2月份,2.1,2月1日-K7-MY- 混剪- (2).mp4,F:\KINYO\K7素材汇总\2月份\2.1\2月1日-K7-MY- 混剪- (2).mp4,244,4.23,4.57,45059.0,2243.0,2.34,116.31,0.0,43999.0,0.0,0.0,13.12,,,,,,,,,,,,,,,,,4.98,1.11,76.52,85.48,83.27,46.98,4.06,,,
7601899201380614185,2月1日-K7-CM-混剪-  (5).mp4,2026-02-01 22:11:49,2月份,2.1,2月1日-K7-CM-混剪-  (5).mp4,F:\KINYO\K7素材汇总\2月份\2.1\2月1日-K7-CM-混剪-  (5).mp4,181,1.84,2.59,65533.0,2762.0,2.85,120.21,0.0,65172.0,5.0,17.0,30.18,,,,,,,,,,,,,,,,,4.21,0.76,63.68,73.34,70.19,38.4,3.6,,,
7601899206271074310,2月1日-K7-CM-混剪-  (1).mp4,2026-02-01 22:11:49,2月份,2.1,2月1日-K7-CM-混剪-  (1).mp4,F:\KINYO\K7素材汇总\2月份\2.1\2月1日-K7-CM-混剪-  (1).mp4,198,1.73,1.73,7674.0,518.0,5.56,375.49,0.0,8931.0,3.0,8.0,17.04,,,,,,,,,,,,,,,,,6.75,0.97,42.59,52.58,47.95,38.27,3.59,,,
7601899215078572074,2月1日-K7-CM-混剪-  (3).mp4,2026-02-01 22:11:49,2月份,2.1,2月1日-K7-CM-混剪-  (3).mp4,F:\KINYO\K7素材汇总\2月份\2.1\2月1日-K7-CM-混剪-  (3).mp4,216,3.06,3.3,26507.0,1258.0,2.96,140.31,2.0,28951.0,2.0,4.0,13.33,,,,,,,,,,,,,,,,,4.75,0.95,61.34,69.01,66.39,39.1,2.98,,,
7601900038289981494,2月1日-K7-CM-混剪- (6).mp4,2026-02-01 22:15:03,2月份,2.1,2月1日-K7-CM-混剪- (6).mp4,F:\KINYO\K7素材汇总\2月份\2.1\2月1日-K7-CM-混剪- (6).mp4,191,8.27,8.27,4019.0,219.0,1.99,108.17,0.0,4348.0,1.0,0.0,10.96,,,,,,,,,,,,,,,,,5.45,1.83,53.86,64.54,61.09,42.25,8.49,,,
7602295522494267434,2月2日-K7-CM-混剪-  (1).mp4,2026-02-02 23:50:51,2月份,2.2,2月2日-K7-CM-混剪-  (1).mp4,F:\KINYO\K7素材汇总\2月份\2.2\2月2日-K7-CM-混剪-  (1).mp4,226,1.62,1.89,47579.0,1971.0,3.38,139.92,0.0,45152.0,1.0,1.0,17.73,,,,,,,,,,,,,,,,,4.14,0.71,80.14,89.62,87.19,45.34,2.66,,,
7602297209388826670,2月2日-K7-CM-混剪-  (3).mp4,2026-02-02 23:56:26,2月份,2.2,2月2日-K7-CM-混剪-  (3).mp4,F:\KINYO\K7素材汇总\2月份\2.2\2月2日-K7-CM-混剪-  (3).mp4,194,4.04,4.68,8349.0,287.0,9.82,337.5,0.0,7635.0,6.0,12.0,19.41,,,,,,,,,,,,,,,,,3.44,4.53,49.21,65.4,56.48,35.99,3.64,,,
7602297275217969206,2月2日-K7-CM-混剪-  (5).mp4,2026-02-02 23:56:26,2月份,2.2,2月2日-K7-CM-混剪-  (5).mp4,F:\KINYO\K7素材汇总\2月份\2.2\2月2日-K7-CM-混剪-  (5).mp4,184,1.27,1.27,12932.5,502.5,2.83,95.955,1.0,12194.0,4.0,11.5,16.525,47.37,47.37,0.0,0.0,0.0,0.0,0.0,0.0,0.0,0.0,0.0,0.0,0.0,0.0,0.0,0.0,3.39,0.405,53.535,66.475,59.91,36.81,2.59,0.0,0.0,0.0
7602628251639250953,2月3日-K7-CM-混剪- (1).mp4,2026-02-03 21:20:52,2月份,2.3,2月3日-K7-CM-混剪- (1).mp4,F:\KINYO\K7素材汇总\2月份\2.3\2月3日-K7-CM-混剪- (1).mp4,227,3.28,3.9,127382.0,4816.0,2.1,79.58,0.0,123458.0,1.0,0.0,18.34,,,,,,,,,,,,,,,,,3.78,0.91,79.05,88.67,86.82,39.58,2.53,,,
7602629273805111337,2月3日-K7-CM-混剪- (5).mp4,2026-02-03 21:24:50,2月份,2.3,2月3日-K7-CM-混剪- (5).mp4,F:\KINYO\K7素材汇总\2月份\2.3\2月3日-K7-CM-混剪- (5).mp4,212,2.88,2.88,8664.0,475.0,4.6,252.09,0.0,11378.0,13.0,15.0,17.77,,,,,,,,,,,,,,,,,5.48,1.47,38.32,48.05,43.45,35.45,4.48,,,
7602629281052475433,2月3日-K7-CM-混剪-- (2).mp4,2026-02-03 21:24:50,2月份,2.3,2月3日-K7-CM-混剪-- (2).mp4,F:\KINYO\K7素材汇总\2月份\2.3\2月3日-K7-CM-混剪-- (2).mp4,202,3.59,3.59,5607.0,248.0,3.03,134.11,1.0,5928.0,0.0,5.0,8.61,,,,,,,,,,,,,,,,,4.42,1.21,38.39,54.17,44.55,30.38,3.83,,,
7602629290561241151,2月3日-K7-CM-混剪- (6).mp4,2026-02-03 21:24:50,2月份,2.3,2月3日-K7-CM-混剪- (6).mp4,F:\KINYO\K7素材汇总\2月份\2.3\2月3日-K7-CM-混剪- (6).mp4,197,2.81,3.94,144511.0,6661.0,2.4,110.6,3.0,136677.0,1.0,0.0,23.3,,,,,,,,,,,,,,,,,4.61,1.05,78.7,88.52,85.68,42.8,2.74,,,
7603344164990730281,2月5日-K7-CM-混剪- (4).mp4,2026-02-05 19:38:56,2月份,2.5,2月5日-K7-CM-混剪- (4).mp4,F:\KINYO\K7素材汇总\2月份\2.5\2月5日-K7-CM-混剪- (4).mp4,216,2.895,4.06,12339.0,387.5,8.59,271.965,0.5,11384.0,10.0,20.5,19.985,3401.24,3401.24,6793.0,7.0,485.89,6733.99,59.01,0.0,0.0,3596.0,4.0,850.31,3592.0,4.0,0.0,3.0,3.155,3.57,49.1,64.69999999999999,56.365,34.87,2.655,52.94,57.14,47.06
7603344218737754118,2月5日-K7-CM-混剪- (1).mp4,2026-02-05 19:38:56,2月份,2.5,2月5日-K7-CM-混剪- (1).mp4,F:\KINYO\K7素材汇总\2月份\2.5\2月5日-K7-CM-混剪- (1).mp4,193,1.97,2.735,6719.0,443.0,4.11,266.26,2.5,7234.0,1.0,9.0,19.555,1042.28,1042.28,3596.0,4.0,260.57,3576.0,0.0,20.0,0.0,2697.0,3.0,347.43,2697.0,0.0,0.0,1.0,6.46,1.235,48.52,59.215,54.77,43.66500000000001,5.055,75.0,75.0,25.0
7603345238560522249,2月5日-K7-CM-混剪- (7).mp4,2026-02-05 19:43:14,2月份,2.5,2月5日-K7-CM-混剪- (7).mp4,F:\KINYO\K7素材汇总\2月份\2.5\2月5日-K7-CM-混剪- (7).mp4,253,3.145,3.36,25593.0,1049.0,2.38,98.06,0.0,24907.0,0.5,1.5,10.02,2128.94,2128.94,9591.0,9.0,236.55,9575.98,5.01,10.01,0.0,8692.0,8.0,266.12,8681.99,0.0,10.01,1.0,4.12,0.8,76.935,87.925,85.46000000000001,42.305,2.74,90.63,88.89,9.37
7603345238564519962,2月5日-K7-CM-混剪- (8).mp4,2026-02-05 19:43:14,2月份,2.5,2月5日-K7-CM-混剪- (8).mp4,F:\KINYO\K7素材汇总\2月份\2.5\2月5日-K7-CM-混剪- (8).mp4,226,2.82,3.285,61343.0,1970.0,3.405,110.955,5.5,58568.5,23.0,90.0,21.24,3902.21,3902.21,13187.0,13.0,300.17,13064.0,30.0,93.0,0.0,11389.0,11.0,354.75,11359.0,30.0,0.0,2.0,3.255,1.125,44.075,53.425,48.89,31.14,2.26,86.37,84.62,13.63
7603345239437361162,2月5日-K7-CM-混剪-- (11).mp4,2026-02-05 19:43:14,2月份,2.5,2月5日-K7-CM-混剪-- (11).mp4,F:\KINYO\K7素材汇总\2月份\2.5\2月5日-K7-CM-混剪-- (11).mp4,215,6.66,6.66,11663.5,391.5,3.2,119.66,0.0,10758.5,2.0,4.5,8.629999999999999,578.2,578.2,4495.0,5.0,115.64,4285.0,150.0,60.0,0.0,4495.0,5.0,115.64,4285.0,150.0,60.0,0.0,3.75,2.365,46.33,66.255,57.69,32.935,4.555,100.0,100.0,0.0
7603349259758043162,2月5日-K7-MY- (8)混剪.mp4,2026-02-05 19:58:54,2月份,2.5,2月5日-K7-MY- (8)混剪.mp4,F:\KINYO\K7素材汇总\2月份\2.5\2月5日-K7-MY- (8)混剪.mp4,207,1.375,1.975,15188.0,768.0,3.35,181.8,0.0,14902.5,1.0,1.0,16.305,341.8,341.8,0.0,0.0,0.0,0.0,0.0,0.0,0.0,0.0,0.0,0.0,0.0,0.0,0.0,0.0,5.4,0.66,64.605,73.97999999999999,70.8,42.84,4.66,0.0,0.0,0.0
7603349272717869094,2月5日-K7-MY- (9)混剪.mp4,2026-02-05 19:58:54,2月份,2.5,2月5日-K7-MY- (9)混剪.mp4,F:\KINYO\K7素材汇总\2月份\2.5\2月5日-K7-MY- (9)混剪.mp4,216,2.785,3.36,55769.0,2723.0,1.815,101.35,6.0,56260.0,13.0,41.0,13.225,2256.15,2256.15,9091.0,9.0,250.68,8926.99,99.01,65.0,0.0,7293.0,7.0,322.31,7128.99,99.01,65.0,2.0,5.585,0.635,49.735,65.28999999999999,57.4,39.265,3.455,80.22,77.78,19.78
7603349287309131826,2月5日-K7-MY- (5)混剪.mp4,2026-02-05 19:58:54,2月份,2.5,2月5日-K7-MY- (5)混剪.mp4,F:\KINYO\K7素材汇总\2月份\2.5\2月5日-K7-MY- (5)混剪.mp4,227,1.18,1.815,11567.5,730.5,4.01,270.51,2.5,11696.5,0.5,2.5,25.565,315.79,315.79,0.0,0.0,0.0,0.0,0.0,0.0,0.0,0.0,0.0,0.0,0.0,0.0,0.0,0.0,6.705,0.72,48.195,65.34,57.79000000000001,42.985,7.09,0.0,0.0,0.0
7603587863463247881,2月6日-K7-CM-混剪-2.mp4,2026-02-06 11:24:44,2月份,2.6,2月6日-K7-CM-混剪-2.mp4,F:\KINYO\K7素材汇总\2月份\2.6\2月6日-K7-CM-混剪-2.mp4,209,4.17,4.17,7741.5,334.0,2.74,122.615,0.0,7586.5,2.0,1.0,13.505,456.6,456.6,2697.0,3.0,152.2,2665.0,32.0,0.0,0.0,2697.0,3.0,152.2,2665.0,32.0,0.0,0.0,4.54,1.195,66.03,77.29,73.00999999999999,39.75,5.65,100.0,100.0,0.0
7603712258781102116,2月6日-K7-CM-混剪- (7).mp4,2026-02-06 19:27:23,2月份,2.6,2月6日-K7-CM-混剪- (7).mp4,F:\KINYO\K7素材汇总\2月份\2.6\2月6日-K7-CM-混剪- (7).mp4,181,2.195,2.495,9477.5,784.0,4.13,323.95,0.0,9937.0,1.5,4.0,13.62,1287.45,1287.45,2697.0,3.0,429.15,2697.0,0.0,0.0,0.0,2657.0,3.0,429.15,2657.0,0.0,0.0,0.0,7.915,1.085,55.915,68.69,63.61499999999999,49.505,7.185,98.52,100.0,1.48
7603712260293820452,2月6日-K7-CM-混剪- (6).mp4,2026-02-06 19:27:23,2月份,2.6,2月6日-K7-CM-混剪- (6).mp4,F:\KINYO\K7素材汇总\2月份\2.6\2月6日-K7-CM-混剪- (6).mp4,175,2.54,2.91,25056.0,1083.0,2.755,113.875,1.0,25046.5,0.5,0.5,6.705,1517.44,1517.44,3596.0,4.0,379.36,3554.99,41.01,0.0,0.0,3596.0,4.0,379.36,3554.99,41.01,0.0,0.0,4.19,0.8500000000000001,76.61500000000001,85.785,83.71000000000001,42.315,4.029999999999999,100.0,100.0,0.0
7603712281139068970,2月6日-K7-CM-混剪- (4).mp4,2026-02-06 19:27:23,2月份,2.6,2月6日-K7-CM-混剪- (4).mp4,F:\KINYO\K7素材汇总\2月份\2.6\2月6日-K7-CM-混剪- (4).mp4,190,3.045,3.205,7194.5,257.0,8.185,268.59,0.0,6881.0,4.5,16.5,20.92,653.52,653.52,1798.0,2.0,326.76,1798.0,0.0,0.0,0.0,1798.0,2.0,326.76,1798.0,0.0,0.0,0.0,3.355,2.765,46.095,61.07,52.88,35.9,4.965,100.0,100.0,0.0
7604098068234076186,2月7日-K7-CM-混剪-  (3).mp4,2026-02-07 20:24:40,2月份,2.7,2月7日-K7-CM-混剪-  (3).mp4,F:\KINYO\K7素材汇总\2月份\2.7\2月7日-K7-CM-混剪-  (3).mp4,201,2.015,2.015,5205.5,208.5,6.23,247.245,1.0,5183.0,4.5,8.0,17.305,555.06,555.06,0.0,0.0,0.0,0.0,0.0,0.0,0.0,0.0,0.0,0.0,0.0,0.0,0.0,0.0,3.975,1.175,45.495,59.76000000000001,52.09,36.22499999999999,4.69,0.0,0.0,0.0
7604098077339500570,2月7日-K7-CM-混剪-  (4).mp4,2026-02-07 20:24:40,2月份,2.7,2月7日-K7-CM-混剪-  (4).mp4,F:\KINYO\K7素材汇总\2月份\2.7\2月7日-K7-CM-混剪-  (4).mp4,194,1.8,1.8,4107.5,298.0,2.345,151.275,2.0,4245.5,0.0,0.0,22.02,167.14,167.14,0.0,0.0,0.0,0.0,0.0,0.0,0.0,0.0,0.0,0.0,0.0,0.0,0.0,0.0,6.62,0.37,56.22,71.39,64.775,47.4,8.280000000000001,0.0,0.0,0.0
7604098097636261938,2月7日-K7-CM-混剪-  (5).mp4,2026-02-07 20:24:40,2月份,2.7,2月7日-K7-CM-混剪-  (5).mp4,F:\KINYO\K7素材汇总\2月份\2.7\2月7日-K7-CM-混剪-  (5).mp4,194,1.445,1.86,36869.0,1546.5,3.075,107.315,1.0,37191.5,0.5,5.5,21.285,2023.7,2023.7,1798.0,2.0,1011.85,1794.0,0.0,4.0,0.0,1798.0,2.0,1011.85,1794.0,0.0,4.0,0.0,3.755,0.525,72.185,82.36500000000001,79.72,40.12,3.33,100.0,100.0,0.0
7604098129700732964,2月7日-K7-CM-混剪-  (6).mp4,2026-02-07 20:24:40,2月份,2.7,2月7日-K7-CM-混剪-  (6).mp4,F:\KINYO\K7素材汇总\2月份\2.7\2月7日-K7-CM-混剪-  (6).mp4,211,1.835,2.455,63708.5,2830.5,2.33,103.53,2.5,60879.5,0.5,3.5,23.11,6832.55,6832.55,17980.0,20.0,341.63,17809.99,140.01,30.0,0.0,14384.0,16.0,427.03,14243.99,140.01,0.0,4.0,4.445,0.62,72.11500000000001,85.78,82.11500000000001,40.845,3.535,80.0,80.0,20.0
7604098984414609460,2月7日-K7-CM-混剪- (5).mp4,2026-02-07 20:27:53,2月份,2.7,2月7日-K7-CM-混剪- (5).mp4,F:\KINYO\K7素材汇总\2月份\2.7\2月7日-K7-CM-混剪- (5).mp4,219,3.81,4.715,5491.0,294.5,2.725,159.065,0.0,5212.0,3.5,4.5,8.415,365.34,365.34,1798.0,2.0,182.67,1698.6,97.0,2.4,0.0,1798.0,2.0,182.67,1698.6,97.0,2.4,0.0,5.705,1.445,40.515,55.51,48.8,32.35,7.025,100.0,100.0,0.0
7604336932340203562,2月8日-K7-CM-混剪- (2).mp4,2026-02-08 11:51:20,2月份,2.8,2月8日-K7-CM-混剪- (2).mp4,F:\KINYO\K7素材汇总\2月份\2.8\2月8日-K7-CM-混剪- (2).mp4,275,3.59,3.855,56573.5,2021.0,3.21,105.115,2.5,53218.0,13.0,40.0,21.845,1390.98,1390.98,5096.0,4.0,347.75,5094.0,2.0,0.0,0.0,5096.0,4.0,347.75,5094.0,2.0,0.0,0.0,3.315,1.08,48.61,58.655,54.51000000000001,32.085,2.56,100.0,100.0,0.0
7604336939868667967,2月8日-K7-CM-混剪- (6).mp4,2026-02-08 11:51:20,2月份,2.8,2月8日-K7-CM-混剪- (6).mp4,F:\KINYO\K7素材汇总\2月份\2.8\2月8日-K7-CM-混剪- (6).mp4,248,3.01,3.605,34658.0,1513.5,6.17,248.31,11.5,33591.0,68.0,139.5,29.46,2949.86,2949.86,12586.0,14.0,210.7,12545.98,20.02,20.0,0.0,10788.0,12.0,245.82,10752.99,15.01,20.0,2.0,4.115,2.55,48.885,70.16,60.24,36.73999999999999,1.86,85.71,85.71,14.29
7604336990507106339,2月8日-K7-CM-混剪- (4).mp4,2026-02-08 11:51:20,2月份,2.8,2月8日-K7-CM-混剪- (4).mp4,F:\KINYO\K7素材汇总\2月份\2.8\2月8日-K7-CM-混剪- (4).mp4,221,2.21,2.67,38053.5,973.0,9.365,231.65,0.0,31716.5,16.5,71.5,25.67,6877.86,6877.86,13990.0,10.0,687.79,13988.0,2.0,0.0,0.0,13990.0,10.0,687.79,13988.0,2.0,0.0,0.0,2.505,2.07,60.21,69.83,64.795,48.48,2.42,100.0,100.0,0.0
7604830559299436571,2月9日-K7-YL-混剪(4).mp4,2026-02-09 19:50:05,2月份,2.9,2月9日-K7-YL-混剪(4).mp4,F:\KINYO\K7素材汇总\2月份\2.9\2月9日-K7-YL-混剪(4).mp4,233,0.44,0.88,2940.0,232.5,2.77,223.95,0.0,2753.5,0.0,0.0,2.645,255.83,255.83,0.0,0.0,0.0,0.0,0.0,0.0,0.0,0.0,0.0,0.0,0.0,0.0,0.0,0.0,8.075,0.265,69.9,80.715,76.615,51.505,6.995,0.0,0.0,0.0
7604838147629908006,2月9日-K7-MY-混剪- (9).mp4,2026-02-09 20:16:33,2月份,2.9,2月9日-K7-MY-混剪- (9).mp4,F:\KINYO\K7素材汇总\2月份\2.9\2月9日-K7-MY-混剪- (9).mp4,247,2.87,3.35,14791.0,619.0,3.04,127.08,2.0,13962.0,0.0,8.0,29.41,,,,,,,,,,,,,,,,,4.18,1.13,69.43,79.47,76.26,42.42,2.65,,,
7604838160803397658,2月9日-K7-MY-混剪- (10).mp4,2026-02-09 20:16:33,2月份,2.9,2月9日-K7-MY-混剪- (10).mp4,F:\KINYO\K7素材汇总\2月份\2.9\2月9日-K7-MY-混剪- (10).mp4,231,2.47,2.96,13163.0,552.0,3.3,138.27,1.0,12299.0,1.0,1.0,23.54,,,,,,,,,,,,,,,,,4.19,1.09,67.25,79.95,75.06,38.9,2.61,,,
7605040309934178350,2月9日-K7-CM-混剪- (5).mp4,2026-02-10 14:52:43,2月份,2.9,2月9日-K7-CM-混剪- (5).mp4,F:\KINYO\K7素材汇总\2月份\2.9\2月9日-K7-CM-混剪- (5).mp4,197,5.08,6.48,31363.0,976.0,2.7,84.03,0.0,28504.0,14.0,40.0,25.74,,,,,,,,,,,,,,,,,3.11,1.43,48.79,56.42,52.84,34.57,2.19,,,
7605528752408412212,2月11日-K7-CM-混剪-  (1).mp4,2026-02-11 16:56:00,2月份,2.11,2月11日-K7-CM-混剪-  (1).mp4,F:\KINYO\K7素材汇总\2月份\2.11\2月11日-K7-CM-混剪-  (1).mp4,203,3.47,3.47,9457.0,250.0,4.84,127.96,0.0,8261.0,1.0,15.0,28.96,,,,,,,,,,,,,,,,,2.64,1.2,51.91,59.85,56.48,38.71,2.61,,,
7605530561306820614,2月11日-K7-CM-混剪-  (8).mp4,2026-02-11 17:03:17,2月份,2.11,2月11日-K7-CM-混剪-  (8).mp4,F:\KINYO\K7素材汇总\2月份\2.11\2月11日-K7-CM-混剪-  (8).mp4,199,1.4,1.79,9425.0,512.0,7.1,385.72,2.0,10170.0,6.0,20.0,23.7,,,,,,,,,,,,,,,,,5.43,0.98,38.63,51.59,45.54,32.97,3.17,,,
7609891429503320064,2月12日-K7-CM-混剪- (4).mp4,2026-02-23 11:05:26,2月份,2.12,2月12日-K7-CM-混剪- (4).mp4,F:\KINYO\K7素材汇总\2月份\2.12\2月12日-K7-CM-混剪- (4).mp4,198,2.35,2.35,7059.0,309.0,2.47,108.28,0.0,6789.0,0.0,0.0,52.66,,,,,,,,,,,,,,,,,4.38,0.65,77.36,86.39,83.41,44.93,3.49,,,
7610789595753496602,2月25日-K7-CM-混剪- (2).mp4,2026-02-25 21:11:15,2月份,2.25,2月25日-K7-CM-混剪- (2).mp4,F:\KINYO\K7素材汇总\2月份\2.25\2月25日-K7-CM-混剪- (2).mp4,187,2.56,3.2,10316.0,421.0,3.34,136.28,2.0,9902.0,5.0,10.0,24.07,,,,,,,,,,,,,,,,,4.08,1.19,50.84,60.31,55.52,34.15,2.33,,,
7610789726716592143,2月25日-K7-CM-混剪- (8).mp4,2026-02-25 21:11:15,2月份,2.25,2月25日-K7-CM-混剪- (8).mp4,F:\KINYO\K7素材汇总\2月份\2.25\2月25日-K7-CM-混剪- (8).mp4,187,3.44,3.44,9837.0,554.0,2.36,132.71,0.0,9532.0,0.0,0.0,3.58,,,,,,,,,,,,,,,,,5.63,0.9,68.8,79.09,75.01,44.8,3.13,,,
